idx, R, G, B, type, Y, x, y, L, M, S, Y1, x1, y1
1, 0.1, 0.1, 0.1, ramp_w, 0.094, 0.273, 0.3092, NaN, NaN, NaN, NaN, NaN, NaN
2, 0.100856, 0.100856, 0.100856, ramp_w, 0.084, 0.2744, 0.3032, NaN, NaN, NaN, NaN, NaN, NaN
3, 0.10172, 0.10172, 0.10172, ramp_w, 0.083, 0.2792, 0.3132, NaN, NaN, NaN, NaN, NaN, NaN
4, 0.102591, 0.102591, 0.102591, ramp_w, 0.08, 0.2797, 0.3065, NaN, NaN, NaN, NaN, NaN, NaN
5, 0.103469, 0.103469, 0.103469, ramp_w, 0.078, 0.2749, 0.3108, NaN, NaN, NaN, NaN, NaN, NaN
6, 0.104355, 0.104355, 0.104355, ramp_w, 0.076, 0.2724, 0.3089, NaN, NaN, NaN, NaN, NaN, NaN
7, 0.105249, 0.105249, 0.105249, ramp_w, 0.082, 0.2755, 0.3094, NaN, NaN, NaN, NaN, NaN, NaN
8, 0.10615, 0.10615, 0.10615, ramp_w, 0.079, 0.2813, 0.3086, NaN, NaN, NaN, NaN, NaN, NaN
9, 0.107059, 0.107059, 0.107059, ramp_w, 0.078, 0.2817, 0.3095, NaN, NaN, NaN, NaN, NaN, NaN
10, 0.107975, 0.107975, 0.107975, ramp_w, 0.078, 0.2789, 0.3108, NaN, NaN, NaN, NaN, NaN, NaN
11, 0.1089, 0.1089, 0.1089, ramp_w, 0.08, 0.2802, 0.3113, NaN, NaN, NaN, NaN, NaN, NaN
12, 0.109832, 0.109832, 0.109832, ramp_w, 0.08, 0.2767, 0.3162, NaN, NaN, NaN, NaN, NaN, NaN
13, 0.110773, 0.110773, 0.110773, ramp_w, 0.081, 0.2846, 0.3115, NaN, NaN, NaN, NaN, NaN, NaN
14, 0.111721, 0.111721, 0.111721, ramp_w, 0.078, 0.2789, 0.3108, NaN, NaN, NaN, NaN, NaN, NaN
15, 0.112678, 0.112678, 0.112678, ramp_w, 0.079, 0.2731, 0.3173, NaN, NaN, NaN, NaN, NaN, NaN
16, 0.113642, 0.113642, 0.113642, ramp_w, 0.079, 0.28, 0.316, NaN, NaN, NaN, NaN, NaN, NaN
17, 0.114615, 0.114615, 0.114615, ramp_w, 0.076, 0.2846, 0.3089, NaN, NaN, NaN, NaN, NaN, NaN
18, 0.115597, 0.115597, 0.115597, ramp_w, 0.078, 0.2795, 0.3071, NaN, NaN, NaN, NaN, NaN, NaN
19, 0.116586, 0.116586, 0.116586, ramp_w, 0.082, 0.2829, 0.3178, NaN, NaN, NaN, NaN, NaN, NaN
20, 0.117585, 0.117585, 0.117585, ramp_w, 0.081, 0.2784, 0.3176, NaN, NaN, NaN, NaN, NaN, NaN
21, 0.118591, 0.118591, 0.118591, ramp_w, 0.08, 0.2813, 0.3125, NaN, NaN, NaN, NaN, NaN, NaN
22, 0.119607, 0.119607, 0.119607, ramp_w, 0.078, 0.2834, 0.3158, NaN, NaN, NaN, NaN, NaN, NaN
23, 0.120631, 0.120631, 0.120631, ramp_w, 0.079, 0.2846, 0.3211, NaN, NaN, NaN, NaN, NaN, NaN
24, 0.121664, 0.121664, 0.121664, ramp_w, 0.084, 0.282, 0.3158, NaN, NaN, NaN, NaN, NaN, NaN
25, 0.122706, 0.122706, 0.122706, ramp_w, 0.084, 0.2782, 0.3158, NaN, NaN, NaN, NaN, NaN, NaN
26, 0.123756, 0.123756, 0.123756, ramp_w, 0.083, 0.2824, 0.3168, NaN, NaN, NaN, NaN, NaN, NaN
27, 0.124816, 0.124816, 0.124816, ramp_w, 0.083, 0.2835, 0.318, NaN, NaN, NaN, NaN, NaN, NaN
28, 0.125884, 0.125884, 0.125884, ramp_w, 0.096, 0.2829, 0.3158, NaN, NaN, NaN, NaN, NaN, NaN
29, 0.126962, 0.126962, 0.126962, ramp_w, 0.096, 0.2805, 0.3168, NaN, NaN, NaN, NaN, NaN, NaN
30, 0.128049, 0.128049, 0.128049, ramp_w, 0.093, 0.2819, 0.3121, NaN, NaN, NaN, NaN, NaN, NaN
31, 0.129146, 0.129146, 0.129146, ramp_w, 0.096, 0.281, 0.3137, NaN, NaN, NaN, NaN, NaN, NaN
32, 0.130252, 0.130252, 0.130252, ramp_w, 0.097, 0.278, 0.3099, NaN, NaN, NaN, NaN, NaN, NaN
33, 0.131367, 0.131367, 0.131367, ramp_w, 0.095, 0.2815, 0.3146, NaN, NaN, NaN, NaN, NaN, NaN
34, 0.132492, 0.132492, 0.132492, ramp_w, 0.095, 0.2857, 0.3156, NaN, NaN, NaN, NaN, NaN, NaN
35, 0.133626, 0.133626, 0.133626, ramp_w, 0.095, 0.2815, 0.3146, NaN, NaN, NaN, NaN, NaN, NaN
36, 0.13477, 0.13477, 0.13477, ramp_w, 0.093, 0.2862, 0.3131, NaN, NaN, NaN, NaN, NaN, NaN
37, 0.135924, 0.135924, 0.135924, ramp_w, 0.092, 0.2808, 0.3151, NaN, NaN, NaN, NaN, NaN, NaN
38, 0.137088, 0.137088, 0.137088, ramp_w, 0.091, 0.2793, 0.3138, NaN, NaN, NaN, NaN, NaN, NaN
39, 0.138262, 0.138262, 0.138262, ramp_w, 0.092, 0.2818, 0.3162, NaN, NaN, NaN, NaN, NaN, NaN
40, 0.139445, 0.139445, 0.139445, ramp_w, 0.09, 0.2872, 0.3191, NaN, NaN, NaN, NaN, NaN, NaN
41, 0.140639, 0.140639, 0.140639, ramp_w, 0.091, 0.2902, 0.3182, NaN, NaN, NaN, NaN, NaN, NaN
42, 0.141844, 0.141844, 0.141844, ramp_w, 0.089, 0.2862, 0.3145, NaN, NaN, NaN, NaN, NaN, NaN
43, 0.143058, 0.143058, 0.143058, ramp_w, 0.091, 0.2847, 0.316, NaN, NaN, NaN, NaN, NaN, NaN
44, 0.144283, 0.144283, 0.144283, ramp_w, 0.091, 0.2847, 0.3238, NaN, NaN, NaN, NaN, NaN, NaN
45, 0.145518, 0.145518, 0.145518, ramp_w, 0.092, 0.2857, 0.3206, NaN, NaN, NaN, NaN, NaN, NaN
46, 0.146764, 0.146764, 0.146764, ramp_w, 0.089, 0.2837, 0.3156, NaN, NaN, NaN, NaN, NaN, NaN
47, 0.148021, 0.148021, 0.148021, ramp_w, 0.09, 0.2877, 0.3158, NaN, NaN, NaN, NaN, NaN, NaN
48, 0.149288, 0.149288, 0.149288, ramp_w, 0.089, 0.2847, 0.3167, NaN, NaN, NaN, NaN, NaN, NaN
49, 0.150566, 0.150566, 0.150566, ramp_w, 0.088, 0.2867, 0.3154, NaN, NaN, NaN, NaN, NaN, NaN
50, 0.151856, 0.151856, 0.151856, ramp_w, 0.092, 0.2897, 0.3172, NaN, NaN, NaN, NaN, NaN, NaN
51, 0.153156, 0.153156, 0.153156, ramp_w, 0.091, 0.2813, 0.316, NaN, NaN, NaN, NaN, NaN, NaN
52, 0.154467, 0.154467, 0.154467, ramp_w, 0.09, 0.2862, 0.318, NaN, NaN, NaN, NaN, NaN, NaN
53, 0.15579, 0.15579, 0.15579, ramp_w, 0.089, 0.2872, 0.3156, NaN, NaN, NaN, NaN, NaN, NaN
54, 0.157124, 0.157124, 0.157124, ramp_w, 0.088, 0.2806, 0.3165, NaN, NaN, NaN, NaN, NaN, NaN
55, 0.158469, 0.158469, 0.158469, ramp_w, 0.089, 0.2832, 0.319, NaN, NaN, NaN, NaN, NaN, NaN
56, 0.159826, 0.159826, 0.159826, ramp_w, 0.091, 0.2852, 0.3204, NaN, NaN, NaN, NaN, NaN, NaN
57, 0.161194, 0.161194, 0.161194, ramp_w, 0.089, 0.2832, 0.319, NaN, NaN, NaN, NaN, NaN, NaN
58, 0.162574, 0.162574, 0.162574, ramp_w, 0.09, 0.2883, 0.3203, NaN, NaN, NaN, NaN, NaN, NaN
59, 0.163966, 0.163966, 0.163966, ramp_w, 0.106, 0.2848, 0.3212, NaN, NaN, NaN, NaN, NaN, NaN
60, 0.16537, 0.16537, 0.16537, ramp_w, 0.103, 0.2844, 0.315, NaN, NaN, NaN, NaN, NaN, NaN
61, 0.166786, 0.166786, 0.166786, ramp_w, 0.104, 0.2844, 0.318, NaN, NaN, NaN, NaN, NaN, NaN
62, 0.168214, 0.168214, 0.168214, ramp_w, 0.109, 0.2874, 0.3196, NaN, NaN, NaN, NaN, NaN, NaN
63, 0.169655, 0.169655, 0.169655, ramp_w, 0.107, 0.2832, 0.3156, NaN, NaN, NaN, NaN, NaN, NaN
64, 0.171107, 0.171107, 0.171107, ramp_w, 0.108, 0.2853, 0.3176, NaN, NaN, NaN, NaN, NaN, NaN
65, 0.172572, 0.172572, 0.172572, ramp_w, 0.108, 0.2882, 0.3176, NaN, NaN, NaN, NaN, NaN, NaN
66, 0.17405, 0.17405, 0.17405, ramp_w, 0.108, 0.2874, 0.3167, NaN, NaN, NaN, NaN, NaN, NaN
67, 0.17554, 0.17554, 0.17554, ramp_w, 0.108, 0.2853, 0.3176, NaN, NaN, NaN, NaN, NaN, NaN
68, 0.177043, 0.177043, 0.177043, ramp_w, 0.108, 0.2845, 0.3167, NaN, NaN, NaN, NaN, NaN, NaN
69, 0.178559, 0.178559, 0.178559, ramp_w, 0.122, 0.2865, 0.3177, NaN, NaN, NaN, NaN, NaN, NaN
70, 0.180088, 0.180088, 0.180088, ramp_w, 0.122, 0.2831, 0.3169, NaN, NaN, NaN, NaN, NaN, NaN
71, 0.18163, 0.18163, 0.18163, ramp_w, 0.121, 0.2857, 0.3201, NaN, NaN, NaN, NaN, NaN, NaN
72, 0.183185, 0.183185, 0.183185, ramp_w, 0.122, 0.2868, 0.3211, NaN, NaN, NaN, NaN, NaN, NaN
73, 0.184753, 0.184753, 0.184753, ramp_w, 0.14, 0.2822, 0.3111, NaN, NaN, NaN, NaN, NaN, NaN
74, 0.186335, 0.186335, 0.186335, ramp_w, 0.142, 0.2806, 0.3163, NaN, NaN, NaN, NaN, NaN, NaN
75, 0.187931, 0.187931, 0.187931, ramp_w, 0.141, 0.2822, 0.3133, NaN, NaN, NaN, NaN, NaN, NaN
76, 0.18954, 0.18954, 0.18954, ramp_w, 0.142, 0.2816, 0.3149, NaN, NaN, NaN, NaN, NaN, NaN
77, 0.191163, 0.191163, 0.191163, ramp_w, 0.152, 0.2798, 0.3128, NaN, NaN, NaN, NaN, NaN, NaN
78, 0.192799, 0.192799, 0.192799, ramp_w, 0.152, 0.2804, 0.3134, NaN, NaN, NaN, NaN, NaN, NaN
79, 0.19445, 0.19445, 0.19445, ramp_w, 0.151, 0.2795, 0.3126, NaN, NaN, NaN, NaN, NaN, NaN
80, 0.196115, 0.196115, 0.196115, ramp_w, 0.15, 0.2816, 0.3106, NaN, NaN, NaN, NaN, NaN, NaN
81, 0.197794, 0.197794, 0.197794, ramp_w, 0.152, 0.2816, 0.3102, NaN, NaN, NaN, NaN, NaN, NaN
82, 0.199488, 0.199488, 0.199488, ramp_w, 0.151, 0.2827, 0.3139, NaN, NaN, NaN, NaN, NaN, NaN
83, 0.201196, 0.201196, 0.201196, ramp_w, 0.151, 0.2804, 0.3113, NaN, NaN, NaN, NaN, NaN, NaN
84, 0.202919, 0.202919, 0.202919, ramp_w, 0.151, 0.2816, 0.3126, NaN, NaN, NaN, NaN, NaN, NaN
85, 0.204656, 0.204656, 0.204656, ramp_w, 0.151, 0.2819, 0.3107, NaN, NaN, NaN, NaN, NaN, NaN
86, 0.206408, 0.206408, 0.206408, ramp_w, 0.152, 0.2834, 0.3121, NaN, NaN, NaN, NaN, NaN, NaN
87, 0.208176, 0.208176, 0.208176, ramp_w, 0.152, 0.2798, 0.3128, NaN, NaN, NaN, NaN, NaN, NaN
88, 0.209958, 0.209958, 0.209958, ramp_w, 0.152, 0.2825, 0.3134, NaN, NaN, NaN, NaN, NaN, NaN
89, 0.211756, 0.211756, 0.211756, ramp_w, 0.153, 0.2828, 0.3135, NaN, NaN, NaN, NaN, NaN, NaN
90, 0.213569, 0.213569, 0.213569, ramp_w, 0.152, 0.2834, 0.3121, NaN, NaN, NaN, NaN, NaN, NaN
91, 0.215397, 0.215397, 0.215397, ramp_w, 0.155, 0.2843, 0.317, NaN, NaN, NaN, NaN, NaN, NaN
92, 0.217242, 0.217242, 0.217242, ramp_w, 0.152, 0.2819, 0.3128, NaN, NaN, NaN, NaN, NaN, NaN
93, 0.219102, 0.219102, 0.219102, ramp_w, 0.153, 0.2811, 0.3116, NaN, NaN, NaN, NaN, NaN, NaN
94, 0.220978, 0.220978, 0.220978, ramp_w, 0.162, 0.2792, 0.3098, NaN, NaN, NaN, NaN, NaN, NaN
95, 0.22287, 0.22287, 0.22287, ramp_w, 0.165, 0.2825, 0.3107, NaN, NaN, NaN, NaN, NaN, NaN
96, 0.224778, 0.224778, 0.224778, ramp_w, 0.163, 0.2814, 0.3099, NaN, NaN, NaN, NaN, NaN, NaN
97, 0.226703, 0.226703, 0.226703, ramp_w, 0.168, 0.2818, 0.3094, NaN, NaN, NaN, NaN, NaN, NaN
98, 0.228644, 0.228644, 0.228644, ramp_w, 0.169, 0.2823, 0.3078, NaN, NaN, NaN, NaN, NaN, NaN
99, 0.230601, 0.230601, 0.230601, ramp_w, 0.167, 0.2815, 0.3093, NaN, NaN, NaN, NaN, NaN, NaN
100, 0.232576, 0.232576, 0.232576, ramp_w, 0.168, 0.2818, 0.3094, NaN, NaN, NaN, NaN, NaN, NaN
101, 0.234567, 0.234567, 0.234567, ramp_w, 0.171, 0.2834, 0.3087, NaN, NaN, NaN, NaN, NaN, NaN
102, 0.236576, 0.236576, 0.236576, ramp_w, 0.17, 0.2798, 0.3069, NaN, NaN, NaN, NaN, NaN, NaN
103, 0.238601, 0.238601, 0.238601, ramp_w, 0.169, 0.2808, 0.3062, NaN, NaN, NaN, NaN, NaN, NaN
104, 0.240644, 0.240644, 0.240644, ramp_w, 0.172, 0.2784, 0.305, NaN, NaN, NaN, NaN, NaN, NaN
105, 0.242705, 0.242705, 0.242705, ramp_w, 0.171, 0.2758, 0.3043, NaN, NaN, NaN, NaN, NaN, NaN
106, 0.244783, 0.244783, 0.244783, ramp_w, 0.172, 0.2779, 0.3044, NaN, NaN, NaN, NaN, NaN, NaN
107, 0.246879, 0.246879, 0.246879, ramp_w, 0.173, 0.2787, 0.3051, NaN, NaN, NaN, NaN, NaN, NaN
108, 0.248992, 0.248992, 0.248992, ramp_w, 0.175, 0.2775, 0.3054, NaN, NaN, NaN, NaN, NaN, NaN
109, 0.251124, 0.251124, 0.251124, ramp_w, 0.172, 0.2764, 0.3028, NaN, NaN, NaN, NaN, NaN, NaN
110, 0.253274, 0.253274, 0.253274, ramp_w, 0.178, 0.2803, 0.308, NaN, NaN, NaN, NaN, NaN, NaN
111, 0.255443, 0.255443, 0.255443, ramp_w, 0.177, 0.2797, 0.3094, NaN, NaN, NaN, NaN, NaN, NaN
112, 0.25763, 0.25763, 0.25763, ramp_w, 0.178, 0.2793, 0.3069, NaN, NaN, NaN, NaN, NaN, NaN
113, 0.259836, 0.259836, 0.259836, ramp_w, 0.176, 0.2795, 0.3056, NaN, NaN, NaN, NaN, NaN, NaN
114, 0.262061, 0.262061, 0.262061, ramp_w, 0.178, 0.2815, 0.3074, NaN, NaN, NaN, NaN, NaN, NaN
115, 0.264305, 0.264305, 0.264305, ramp_w, 0.176, 0.2775, 0.3072, NaN, NaN, NaN, NaN, NaN, NaN
116, 0.266568, 0.266568, 0.266568, ramp_w, 0.174, 0.2783, 0.3026, NaN, NaN, NaN, NaN, NaN, NaN
117, 0.26885, 0.26885, 0.26885, ramp_w, 0.186, 0.2848, 0.3079, NaN, NaN, NaN, NaN, NaN, NaN
118, 0.271152, 0.271152, 0.271152, ramp_w, 0.185, 0.2833, 0.3083, NaN, NaN, NaN, NaN, NaN, NaN
119, 0.273474, 0.273474, 0.273474, ramp_w, 0.186, 0.2833, 0.31, NaN, NaN, NaN, NaN, NaN, NaN
120, 0.275815, 0.275815, 0.275815, ramp_w, 0.186, 0.2833, 0.31, NaN, NaN, NaN, NaN, NaN, NaN
121, 0.278177, 0.278177, 0.278177, ramp_w, 0.186, 0.2843, 0.311, NaN, NaN, NaN, NaN, NaN, NaN
122, 0.280558, 0.280558, 0.280558, ramp_w, 0.186, 0.2838, 0.3105, NaN, NaN, NaN, NaN, NaN, NaN
123, 0.282961, 0.282961, 0.282961, ramp_w, 0.187, 0.2855, 0.3122, NaN, NaN, NaN, NaN, NaN, NaN
124, 0.285383, 0.285383, 0.285383, ramp_w, 0.185, 0.2843, 0.3094, NaN, NaN, NaN, NaN, NaN, NaN
125, 0.287827, 0.287827, 0.287827, ramp_w, 0.188, 0.2848, 0.3113, NaN, NaN, NaN, NaN, NaN, NaN
126, 0.290291, 0.290291, 0.290291, ramp_w, 0.186, 0.2831, 0.3116, NaN, NaN, NaN, NaN, NaN, NaN
127, 0.292777, 0.292777, 0.292777, ramp_w, 0.186, 0.2821, 0.3105, NaN, NaN, NaN, NaN, NaN, NaN
128, 0.295284, 0.295284, 0.295284, ramp_w, 0.185, 0.2843, 0.3094, NaN, NaN, NaN, NaN, NaN, NaN
129, 0.297812, 0.297812, 0.297812, ramp_w, 0.184, 0.2833, 0.3103, NaN, NaN, NaN, NaN, NaN, NaN
130, 0.300362, 0.300362, 0.300362, ramp_w, 0.195, 0.2821, 0.309, NaN, NaN, NaN, NaN, NaN, NaN
131, 0.302934, 0.302934, 0.302934, ramp_w, 0.195, 0.2848, 0.3085, NaN, NaN, NaN, NaN, NaN, NaN
132, 0.305527, 0.305527, 0.305527, ramp_w, 0.194, 0.2846, 0.3084, NaN, NaN, NaN, NaN, NaN, NaN
133, 0.308143, 0.308143, 0.308143, ramp_w, 0.199, 0.2835, 0.3066, NaN, NaN, NaN, NaN, NaN, NaN
134, 0.310782, 0.310782, 0.310782, ramp_w, 0.198, 0.2828, 0.306, NaN, NaN, NaN, NaN, NaN, NaN
135, 0.313443, 0.313443, 0.313443, ramp_w, 0.2, 0.2844, 0.3091, NaN, NaN, NaN, NaN, NaN, NaN
136, 0.316126, 0.316126, 0.316126, ramp_w, 0.2, 0.2842, 0.3106, NaN, NaN, NaN, NaN, NaN, NaN
137, 0.318833, 0.318833, 0.318833, ramp_w, 0.198, 0.2828, 0.306, NaN, NaN, NaN, NaN, NaN, NaN
138, 0.321563, 0.321563, 0.321563, ramp_w, 0.198, 0.2809, 0.3056, NaN, NaN, NaN, NaN, NaN, NaN
139, 0.324316, 0.324316, 0.324316, ramp_w, 0.212, 0.2804, 0.3033, NaN, NaN, NaN, NaN, NaN, NaN
140, 0.327093, 0.327093, 0.327093, ramp_w, 0.213, 0.2802, 0.303, NaN, NaN, NaN, NaN, NaN, NaN
141, 0.329894, 0.329894, 0.329894, ramp_w, 0.212, 0.2806, 0.302, NaN, NaN, NaN, NaN, NaN, NaN
142, 0.332718, 0.332718, 0.332718, ramp_w, 0.218, 0.2814, 0.3007, NaN, NaN, NaN, NaN, NaN, NaN
143, 0.335567, 0.335567, 0.335567, ramp_w, 0.216, 0.28, 0.2979, NaN, NaN, NaN, NaN, NaN, NaN
144, 0.33844, 0.33844, 0.33844, ramp_w, 0.219, 0.2788, 0.3008, NaN, NaN, NaN, NaN, NaN, NaN
145, 0.341338, 0.341338, 0.341338, ramp_w, 0.225, 0.2778, 0.2976, NaN, NaN, NaN, NaN, NaN, NaN
146, 0.344261, 0.344261, 0.344261, ramp_w, 0.228, 0.2801, 0.3012, NaN, NaN, NaN, NaN, NaN, NaN
147, 0.347208, 0.347208, 0.347208, ramp_w, 0.228, 0.2801, 0.3012, NaN, NaN, NaN, NaN, NaN, NaN
148, 0.350181, 0.350181, 0.350181, ramp_w, 0.233, 0.2802, 0.2995, NaN, NaN, NaN, NaN, NaN, NaN
149, 0.35318, 0.35318, 0.35318, ramp_w, 0.231, 0.2798, 0.2992, NaN, NaN, NaN, NaN, NaN, NaN
150, 0.356204, 0.356204, 0.356204, ramp_w, 0.233, 0.28, 0.3006, NaN, NaN, NaN, NaN, NaN, NaN
151, 0.359253, 0.359253, 0.359253, ramp_w, 0.24, 0.2805, 0.2993, NaN, NaN, NaN, NaN, NaN, NaN
152, 0.362329, 0.362329, 0.362329, ramp_w, 0.24, 0.2813, 0.3, NaN, NaN, NaN, NaN, NaN, NaN
153, 0.365432, 0.365432, 0.365432, ramp_w, 0.241, 0.2809, 0.3009, NaN, NaN, NaN, NaN, NaN, NaN
154, 0.368561, 0.368561, 0.368561, ramp_w, 0.246, 0.2812, 0.3007, NaN, NaN, NaN, NaN, NaN, NaN
155, 0.371716, 0.371716, 0.371716, ramp_w, 0.248, 0.2803, 0.301, NaN, NaN, NaN, NaN, NaN, NaN
156, 0.374899, 0.374899, 0.374899, ramp_w, 0.245, 0.28, 0.2995, NaN, NaN, NaN, NaN, NaN, NaN
157, 0.378109, 0.378109, 0.378109, ramp_w, 0.245, 0.2808, 0.2991, NaN, NaN, NaN, NaN, NaN, NaN
158, 0.381346, 0.381346, 0.381346, ramp_w, 0.247, 0.2803, 0.2998, NaN, NaN, NaN, NaN, NaN, NaN
159, 0.384612, 0.384612, 0.384612, ramp_w, 0.26, 0.2796, 0.2992, NaN, NaN, NaN, NaN, NaN, NaN
160, 0.387905, 0.387905, 0.387905, ramp_w, 0.259, 0.2805, 0.2977, NaN, NaN, NaN, NaN, NaN, NaN
161, 0.391226, 0.391226, 0.391226, ramp_w, 0.26, 0.2796, 0.2992, NaN, NaN, NaN, NaN, NaN, NaN
162, 0.394576, 0.394576, 0.394576, ramp_w, 0.265, 0.2799, 0.2991, NaN, NaN, NaN, NaN, NaN, NaN
163, 0.397954, 0.397954, 0.397954, ramp_w, 0.263, 0.2788, 0.2968, NaN, NaN, NaN, NaN, NaN, NaN
164, 0.401361, 0.401361, 0.401361, ramp_w, 0.262, 0.2789, 0.2971, NaN, NaN, NaN, NaN, NaN, NaN
165, 0.404798, 0.404798, 0.404798, ramp_w, 0.27, 0.2783, 0.297, NaN, NaN, NaN, NaN, NaN, NaN
166, 0.408264, 0.408264, 0.408264, ramp_w, 0.268, 0.2743, 0.2965, NaN, NaN, NaN, NaN, NaN, NaN
167, 0.41176, 0.41176, 0.41176, ramp_w, 0.266, 0.2751, 0.2939, NaN, NaN, NaN, NaN, NaN, NaN
168, 0.415285, 0.415285, 0.415285, ramp_w, 0.272, 0.2743, 0.2937, NaN, NaN, NaN, NaN, NaN, NaN
169, 0.418841, 0.418841, 0.418841, ramp_w, 0.27, 0.2745, 0.2941, NaN, NaN, NaN, NaN, NaN, NaN
170, 0.422427, 0.422427, 0.422427, ramp_w, 0.271, 0.2739, 0.2946, NaN, NaN, NaN, NaN, NaN, NaN
171, 0.426044, 0.426044, 0.426044, ramp_w, 0.278, 0.2788, 0.297, NaN, NaN, NaN, NaN, NaN, NaN
172, 0.429692, 0.429692, 0.429692, ramp_w, 0.277, 0.2784, 0.2966, NaN, NaN, NaN, NaN, NaN, NaN
173, 0.433371, 0.433371, 0.433371, ramp_w, 0.275, 0.2785, 0.2957, NaN, NaN, NaN, NaN, NaN, NaN
174, 0.437081, 0.437081, 0.437081, ramp_w, 0.279, 0.2793, 0.2974, NaN, NaN, NaN, NaN, NaN, NaN
175, 0.440824, 0.440824, 0.440824, ramp_w, 0.28, 0.2803, 0.2972, NaN, NaN, NaN, NaN, NaN, NaN
176, 0.444598, 0.444598, 0.444598, ramp_w, 0.279, 0.2801, 0.2971, NaN, NaN, NaN, NaN, NaN, NaN
177, 0.448405, 0.448405, 0.448405, ramp_w, 0.28, 0.2803, 0.2972, NaN, NaN, NaN, NaN, NaN, NaN
178, 0.452244, 0.452244, 0.452244, ramp_w, 0.282, 0.2812, 0.2981, NaN, NaN, NaN, NaN, NaN, NaN
179, 0.456116, 0.456116, 0.456116, ramp_w, 0.282, 0.2819, 0.2978, NaN, NaN, NaN, NaN, NaN, NaN
180, 0.460022, 0.460022, 0.460022, ramp_w, 0.283, 0.2825, 0.2995, NaN, NaN, NaN, NaN, NaN, NaN
181, 0.463961, 0.463961, 0.463961, ramp_w, 0.28, 0.2801, 0.296, NaN, NaN, NaN, NaN, NaN, NaN
182, 0.467933, 0.467933, 0.467933, ramp_w, 0.282, 0.283, 0.2978, NaN, NaN, NaN, NaN, NaN, NaN
183, 0.47194, 0.47194, 0.47194, ramp_w, 0.284, 0.2813, 0.2993, NaN, NaN, NaN, NaN, NaN, NaN
184, 0.47598, 0.47598, 0.47598, ramp_w, 0.282, 0.2808, 0.2965, NaN, NaN, NaN, NaN, NaN, NaN
185, 0.480056, 0.480056, 0.480056, ramp_w, 0.288, 0.2811, 0.2988, NaN, NaN, NaN, NaN, NaN, NaN
186, 0.484166, 0.484166, 0.484166, ramp_w, 0.287, 0.2811, 0.2977, NaN, NaN, NaN, NaN, NaN, NaN
187, 0.488312, 0.488312, 0.488312, ramp_w, 0.299, 0.2813, 0.2993, NaN, NaN, NaN, NaN, NaN, NaN
188, 0.492493, 0.492493, 0.492493, ramp_w, 0.302, 0.2815, 0.2993, NaN, NaN, NaN, NaN, NaN, NaN
189, 0.496709, 0.496709, 0.496709, ramp_w, 0.3, 0.2802, 0.2991, NaN, NaN, NaN, NaN, NaN, NaN
190, 0.500962, 0.500962, 0.500962, ramp_w, 0.308, 0.2816, 0.299, NaN, NaN, NaN, NaN, NaN, NaN
191, 0.505252, 0.505252, 0.505252, ramp_w, 0.308, 0.2814, 0.2999, NaN, NaN, NaN, NaN, NaN, NaN
192, 0.509578, 0.509578, 0.509578, ramp_w, 0.31, 0.28, 0.3004, NaN, NaN, NaN, NaN, NaN, NaN
193, 0.513941, 0.513941, 0.513941, ramp_w, 0.322, 0.2803, 0.296, NaN, NaN, NaN, NaN, NaN, NaN
194, 0.518341, 0.518341, 0.518341, ramp_w, 0.32, 0.2799, 0.2966, NaN, NaN, NaN, NaN, NaN, NaN
195, 0.522779, 0.522779, 0.522779, ramp_w, 0.32, 0.2799, 0.2947, NaN, NaN, NaN, NaN, NaN, NaN
196, 0.527256, 0.527256, 0.527256, ramp_w, 0.321, 0.2798, 0.2964, NaN, NaN, NaN, NaN, NaN, NaN
197, 0.53177, 0.53177, 0.53177, ramp_w, 0.321, 0.28, 0.2967, NaN, NaN, NaN, NaN, NaN, NaN
198, 0.536323, 0.536323, 0.536323, ramp_w, 0.338, 0.2796, 0.2944, NaN, NaN, NaN, NaN, NaN, NaN
199, 0.540915, 0.540915, 0.540915, ramp_w, 0.338, 0.2787, 0.2944, NaN, NaN, NaN, NaN, NaN, NaN
200, 0.545547, 0.545547, 0.545547, ramp_w, 0.349, 0.2812, 0.2983, NaN, NaN, NaN, NaN, NaN, NaN
201, 0.550218, 0.550218, 0.550218, ramp_w, 0.348, 0.2797, 0.2977, NaN, NaN, NaN, NaN, NaN, NaN
202, 0.554929, 0.554929, 0.554929, ramp_w, 0.348, 0.2801, 0.2972, NaN, NaN, NaN, NaN, NaN, NaN
203, 0.55968, 0.55968, 0.55968, ramp_w, 0.352, 0.2815, 0.2975, NaN, NaN, NaN, NaN, NaN, NaN
204, 0.564472, 0.564472, 0.564472, ramp_w, 0.353, 0.2808, 0.2976, NaN, NaN, NaN, NaN, NaN, NaN
205, 0.569305, 0.569305, 0.569305, ramp_w, 0.354, 0.2806, 0.2992, NaN, NaN, NaN, NaN, NaN, NaN
206, 0.57418, 0.57418, 0.57418, ramp_w, 0.365, 0.2813, 0.2984, NaN, NaN, NaN, NaN, NaN, NaN
207, 0.579096, 0.579096, 0.579096, ramp_w, 0.365, 0.2807, 0.2987, NaN, NaN, NaN, NaN, NaN, NaN
208, 0.584054, 0.584054, 0.584054, ramp_w, 0.371, 0.2809, 0.2978, NaN, NaN, NaN, NaN, NaN, NaN
209, 0.589055, 0.589055, 0.589055, ramp_w, 0.371, 0.2808, 0.2985, NaN, NaN, NaN, NaN, NaN, NaN
210, 0.594099, 0.594099, 0.594099, ramp_w, 0.372, 0.2809, 0.2986, NaN, NaN, NaN, NaN, NaN, NaN
211, 0.599185, 0.599185, 0.599185, ramp_w, 0.377, 0.2805, 0.2987, NaN, NaN, NaN, NaN, NaN, NaN
212, 0.604316, 0.604316, 0.604316, ramp_w, 0.378, 0.2815, 0.2981, NaN, NaN, NaN, NaN, NaN, NaN
213, 0.60949, 0.60949, 0.60949, ramp_w, 0.377, 0.2804, 0.2978, NaN, NaN, NaN, NaN, NaN, NaN
214, 0.614709, 0.614709, 0.614709, ramp_w, 0.375, 0.281, 0.2976, NaN, NaN, NaN, NaN, NaN, NaN
215, 0.619972, 0.619972, 0.619972, ramp_w, 0.378, 0.2806, 0.2988, NaN, NaN, NaN, NaN, NaN, NaN
216, 0.62528, 0.62528, 0.62528, ramp_w, 0.388, 0.2777, 0.296, NaN, NaN, NaN, NaN, NaN, NaN
217, 0.630634, 0.630634, 0.630634, ramp_w, 0.386, 0.2779, 0.2947, NaN, NaN, NaN, NaN, NaN, NaN
218, 0.636033, 0.636033, 0.636033, ramp_w, 0.394, 0.278, 0.2945, NaN, NaN, NaN, NaN, NaN, NaN
219, 0.641479, 0.641479, 0.641479, ramp_w, 0.394, 0.2773, 0.2945, NaN, NaN, NaN, NaN, NaN, NaN
220, 0.646972, 0.646972, 0.646972, ramp_w, 0.395, 0.2778, 0.295, NaN, NaN, NaN, NaN, NaN, NaN
221, 0.652511, 0.652511, 0.652511, ramp_w, 0.399, 0.2786, 0.2949, NaN, NaN, NaN, NaN, NaN, NaN
222, 0.658098, 0.658098, 0.658098, ramp_w, 0.399, 0.2789, 0.296, NaN, NaN, NaN, NaN, NaN, NaN
223, 0.663733, 0.663733, 0.663733, ramp_w, 0.405, 0.2818, 0.2941, NaN, NaN, NaN, NaN, NaN, NaN
224, 0.669416, 0.669416, 0.669416, ramp_w, 0.403, 0.2804, 0.295, NaN, NaN, NaN, NaN, NaN, NaN
225, 0.675148, 0.675148, 0.675148, ramp_w, 0.405, 0.2801, 0.2954, NaN, NaN, NaN, NaN, NaN, NaN
226, 0.680928, 0.680928, 0.680928, ramp_w, 0.403, 0.281, 0.2942, NaN, NaN, NaN, NaN, NaN, NaN
227, 0.686758, 0.686758, 0.686758, ramp_w, 0.404, 0.2806, 0.2945, NaN, NaN, NaN, NaN, NaN, NaN
228, 0.692639, 0.692639, 0.692639, ramp_w, 0.402, 0.2803, 0.2934, NaN, NaN, NaN, NaN, NaN, NaN
229, 0.698569, 0.698569, 0.698569, ramp_w, 0.405, 0.2809, 0.2948, NaN, NaN, NaN, NaN, NaN, NaN
230, 0.70455, 0.70455, 0.70455, ramp_w, 0.404, 0.2811, 0.2958, NaN, NaN, NaN, NaN, NaN, NaN
231, 0.710583, 0.710583, 0.710583, ramp_w, 0.403, 0.2812, 0.2944, NaN, NaN, NaN, NaN, NaN, NaN
232, 0.716667, 0.716667, 0.716667, ramp_w, 0.405, 0.2808, 0.2954, NaN, NaN, NaN, NaN, NaN, NaN
233, 0.722803, 0.722803, 0.722803, ramp_w, 0.418, 0.2824, 0.2958, NaN, NaN, NaN, NaN, NaN, NaN
234, 0.728992, 0.728992, 0.728992, ramp_w, 0.414, 0.2815, 0.2951, NaN, NaN, NaN, NaN, NaN, NaN
235, 0.735234, 0.735234, 0.735234, ramp_w, 0.415, 0.2823, 0.2958, NaN, NaN, NaN, NaN, NaN, NaN
236, 0.741529, 0.741529, 0.741529, ramp_w, 0.426, 0.2828, 0.296, NaN, NaN, NaN, NaN, NaN, NaN
237, 0.747878, 0.747878, 0.747878, ramp_w, 0.429, 0.2828, 0.2981, NaN, NaN, NaN, NaN, NaN, NaN
238, 0.754281, 0.754281, 0.754281, ramp_w, 0.447, 0.2808, 0.2933, NaN, NaN, NaN, NaN, NaN, NaN
239, 0.76074, 0.76074, 0.76074, ramp_w, 0.447, 0.2803, 0.2941, NaN, NaN, NaN, NaN, NaN, NaN
240, 0.767253, 0.767253, 0.767253, ramp_w, 0.454, 0.2793, 0.2921, NaN, NaN, NaN, NaN, NaN, NaN
241, 0.773823, 0.773823, 0.773823, ramp_w, 0.454, 0.2783, 0.2918, NaN, NaN, NaN, NaN, NaN, NaN
242, 0.780448, 0.780448, 0.780448, ramp_w, 0.457, 0.2798, 0.2933, NaN, NaN, NaN, NaN, NaN, NaN
243, 0.787131, 0.787131, 0.787131, ramp_w, 0.467, 0.2792, 0.2917, NaN, NaN, NaN, NaN, NaN, NaN
244, 0.79387, 0.79387, 0.79387, ramp_w, 0.468, 0.2789, 0.292, NaN, NaN, NaN, NaN, NaN, NaN
245, 0.800667, 0.800667, 0.800667, ramp_w, 0.477, 0.2811, 0.2941, NaN, NaN, NaN, NaN, NaN, NaN
246, 0.807523, 0.807523, 0.807523, ramp_w, 0.476, 0.2821, 0.2938, NaN, NaN, NaN, NaN, NaN, NaN
247, 0.814437, 0.814437, 0.814437, ramp_w, 0.477, 0.2812, 0.2948, NaN, NaN, NaN, NaN, NaN, NaN
248, 0.82141, 0.82141, 0.82141, ramp_w, 0.478, 0.2812, 0.2942, NaN, NaN, NaN, NaN, NaN, NaN
249, 0.828443, 0.828443, 0.828443, ramp_w, 0.477, 0.2818, 0.2948, NaN, NaN, NaN, NaN, NaN, NaN
250, 0.835537, 0.835537, 0.835537, ramp_w, 0.499, 0.2819, 0.2961, NaN, NaN, NaN, NaN, NaN, NaN
251, 0.842691, 0.842691, 0.842691, ramp_w, 0.498, 0.2827, 0.2964, NaN, NaN, NaN, NaN, NaN, NaN
252, 0.849906, 0.849906, 0.849906, ramp_w, 0.516, 0.2819, 0.2962, NaN, NaN, NaN, NaN, NaN, NaN
253, 0.857183, 0.857183, 0.857183, ramp_w, 0.517, 0.2819, 0.2968, NaN, NaN, NaN, NaN, NaN, NaN
254, 0.864522, 0.864522, 0.864522, ramp_w, 0.516, 0.283, 0.2974, NaN, NaN, NaN, NaN, NaN, NaN
255, 0.871924, 0.871924, 0.871924, ramp_w, 0.521, 0.2808, 0.2955, NaN, NaN, NaN, NaN, NaN, NaN
256, 0.87939, 0.87939, 0.87939, ramp_w, 0.521, 0.2804, 0.2957, NaN, NaN, NaN, NaN, NaN, NaN
257, 0.88692, 0.88692, 0.88692, ramp_w, 0.529, 0.2775, 0.2924, NaN, NaN, NaN, NaN, NaN, NaN
258, 0.894513, 0.894513, 0.894513, ramp_w, 0.53, 0.2779, 0.2928, NaN, NaN, NaN, NaN, NaN, NaN
259, 0.902172, 0.902172, 0.902172, ramp_w, 0.538, 0.2781, 0.2905, NaN, NaN, NaN, NaN, NaN, NaN
260, 0.909897, 0.909897, 0.909897, ramp_w, 0.536, 0.2773, 0.2908, NaN, NaN, NaN, NaN, NaN, NaN
261, 0.917688, 0.917688, 0.917688, ramp_w, 0.543, 0.2797, 0.2904, NaN, NaN, NaN, NaN, NaN, NaN
262, 0.925545, 0.925545, 0.925545, ramp_w, 0.543, 0.2803, 0.2899, NaN, NaN, NaN, NaN, NaN, NaN
263, 0.93347, 0.93347, 0.93347, ramp_w, 0.542, 0.2802, 0.2898, NaN, NaN, NaN, NaN, NaN, NaN
264, 0.941462, 0.941462, 0.941462, ramp_w, 0.543, 0.2794, 0.2907, NaN, NaN, NaN, NaN, NaN, NaN
265, 0.949523, 0.949523, 0.949523, ramp_w, 0.54, 0.2796, 0.2892, NaN, NaN, NaN, NaN, NaN, NaN
266, 0.957653, 0.957653, 0.957653, ramp_w, 0.544, 0.2804, 0.2889, NaN, NaN, NaN, NaN, NaN, NaN
267, 0.965853, 0.965853, 0.965853, ramp_w, 0.545, 0.2812, 0.2897, NaN, NaN, NaN, NaN, NaN, NaN
268, 0.974123, 0.974123, 0.974123, ramp_w, 0.548, 0.2812, 0.2903, NaN, NaN, NaN, NaN, NaN, NaN
269, 0.982463, 0.982463, 0.982463, ramp_w, 0.545, 0.2811, 0.2907, NaN, NaN, NaN, NaN, NaN, NaN
270, 0.990875, 0.990875, 0.990875, ramp_w, 0.546, 0.2808, 0.2898, NaN, NaN, NaN, NaN, NaN, NaN
271, 0.999359, 0.999359, 0.999359, ramp_w, 0.563, 0.2822, 0.2926, NaN, NaN, NaN, NaN, NaN, NaN
272, 1.00792, 1.00792, 1.00792, ramp_w, 0.562, 0.283, 0.2929, NaN, NaN, NaN, NaN, NaN, NaN
273, 1.01655, 1.01655, 1.01655, ramp_w, 0.571, 0.2831, 0.2945, NaN, NaN, NaN, NaN, NaN, NaN
274, 1.02525, 1.02525, 1.02525, ramp_w, 0.573, 0.2834, 0.2941, NaN, NaN, NaN, NaN, NaN, NaN
275, 1.03403, 1.03403, 1.03403, ramp_w, 0.592, 0.2822, 0.2941, NaN, NaN, NaN, NaN, NaN, NaN
276, 1.04288, 1.04288, 1.04288, ramp_w, 0.594, 0.2824, 0.2938, NaN, NaN, NaN, NaN, NaN, NaN
277, 1.05181, 1.05181, 1.05181, ramp_w, 0.616, 0.2793, 0.2902, NaN, NaN, NaN, NaN, NaN, NaN
278, 1.06082, 1.06082, 1.06082, ramp_w, 0.617, 0.2797, 0.2905, NaN, NaN, NaN, NaN, NaN, NaN
279, 1.0699, 1.0699, 1.0699, ramp_w, 0.617, 0.2794, 0.2902, NaN, NaN, NaN, NaN, NaN, NaN
280, 1.07906, 1.07906, 1.07906, ramp_w, 0.618, 0.2799, 0.2903, NaN, NaN, NaN, NaN, NaN, NaN
281, 1.0883, 1.0883, 1.0883, ramp_w, 0.618, 0.2799, 0.2907, NaN, NaN, NaN, NaN, NaN, NaN
282, 1.09762, 1.09762, 1.09762, ramp_w, 0.64, 0.2806, 0.291, NaN, NaN, NaN, NaN, NaN, NaN
283, 1.10702, 1.10702, 1.10702, ramp_w, 0.639, 0.2809, 0.2905, NaN, NaN, NaN, NaN, NaN, NaN
284, 1.11649, 1.11649, 1.11649, ramp_w, 0.654, 0.2828, 0.2935, NaN, NaN, NaN, NaN, NaN, NaN
285, 1.12605, 1.12605, 1.12605, ramp_w, 0.652, 0.2823, 0.2926, NaN, NaN, NaN, NaN, NaN, NaN
286, 1.13569, 1.13569, 1.13569, ramp_w, 0.671, 0.2813, 0.2917, NaN, NaN, NaN, NaN, NaN, NaN
287, 1.14542, 1.14542, 1.14542, ramp_w, 0.672, 0.2815, 0.291, NaN, NaN, NaN, NaN, NaN, NaN
288, 1.15523, 1.15523, 1.15523, ramp_w, 0.692, 0.2816, 0.2904, NaN, NaN, NaN, NaN, NaN, NaN
289, 1.16512, 1.16512, 1.16512, ramp_w, 0.693, 0.2809, 0.2909, NaN, NaN, NaN, NaN, NaN, NaN
290, 1.17509, 1.17509, 1.17509, ramp_w, 0.693, 0.2813, 0.2906, NaN, NaN, NaN, NaN, NaN, NaN
291, 1.18515, 1.18515, 1.18515, ramp_w, 0.708, 0.2807, 0.291, NaN, NaN, NaN, NaN, NaN, NaN
292, 1.1953, 1.1953, 1.1953, ramp_w, 0.707, 0.2809, 0.2912, NaN, NaN, NaN, NaN, NaN, NaN
293, 1.20554, 1.20554, 1.20554, ramp_w, 0.725, 0.281, 0.2927, NaN, NaN, NaN, NaN, NaN, NaN
294, 1.21586, 1.21586, 1.21586, ramp_w, 0.724, 0.281, 0.2919, NaN, NaN, NaN, NaN, NaN, NaN
295, 1.22627, 1.22627, 1.22627, ramp_w, 0.723, 0.2815, 0.292, NaN, NaN, NaN, NaN, NaN, NaN
296, 1.23677, 1.23677, 1.23677, ramp_w, 0.725, 0.2813, 0.2926, NaN, NaN, NaN, NaN, NaN, NaN
297, 1.24736, 1.24736, 1.24736, ramp_w, 0.752, 0.2822, 0.2915, NaN, NaN, NaN, NaN, NaN, NaN
298, 1.25804, 1.25804, 1.25804, ramp_w, 0.749, 0.2816, 0.2905, NaN, NaN, NaN, NaN, NaN, NaN
299, 1.26881, 1.26881, 1.26881, ramp_w, 0.758, 0.2829, 0.2902, NaN, NaN, NaN, NaN, NaN, NaN
300, 1.27967, 1.27967, 1.27967, ramp_w, 0.759, 0.2831, 0.2904, NaN, NaN, NaN, NaN, NaN, NaN
301, 1.29063, 1.29063, 1.29063, ramp_w, 0.757, 0.2824, 0.29, NaN, NaN, NaN, NaN, NaN, NaN
302, 1.30168, 1.30168, 1.30168, ramp_w, 0.758, 0.2824, 0.2904, NaN, NaN, NaN, NaN, NaN, NaN
303, 1.31283, 1.31283, 1.31283, ramp_w, 0.768, 0.2822, 0.2909, NaN, NaN, NaN, NaN, NaN, NaN
304, 1.32407, 1.32407, 1.32407, ramp_w, 0.77, 0.2824, 0.2914, NaN, NaN, NaN, NaN, NaN, NaN
305, 1.3354, 1.3354, 1.3354, ramp_w, 0.782, 0.2814, 0.2915, NaN, NaN, NaN, NaN, NaN, NaN
306, 1.34684, 1.34684, 1.34684, ramp_w, 0.781, 0.2817, 0.2914, NaN, NaN, NaN, NaN, NaN, NaN
307, 1.35837, 1.35837, 1.35837, ramp_w, 0.808, 0.2816, 0.2917, NaN, NaN, NaN, NaN, NaN, NaN
308, 1.37, 1.37, 1.37, ramp_w, 0.807, 0.2813, 0.2918, NaN, NaN, NaN, NaN, NaN, NaN
309, 1.38173, 1.38173, 1.38173, ramp_w, 0.808, 0.2815, 0.2923, NaN, NaN, NaN, NaN, NaN, NaN
310, 1.39356, 1.39356, 1.39356, ramp_w, 0.808, 0.281, 0.2922, NaN, NaN, NaN, NaN, NaN, NaN
311, 1.40549, 1.40549, 1.40549, ramp_w, 0.849, 0.2826, 0.2912, NaN, NaN, NaN, NaN, NaN, NaN
312, 1.41753, 1.41753, 1.41753, ramp_w, 0.847, 0.2818, 0.2911, NaN, NaN, NaN, NaN, NaN, NaN
313, 1.42966, 1.42966, 1.42966, ramp_w, 0.865, 0.2818, 0.2902, NaN, NaN, NaN, NaN, NaN, NaN
314, 1.4419, 1.4419, 1.4419, ramp_w, 0.861, 0.2814, 0.2895, NaN, NaN, NaN, NaN, NaN, NaN
315, 1.45425, 1.45425, 1.45425, ramp_w, 0.874, 0.28, 0.2885, NaN, NaN, NaN, NaN, NaN, NaN
316, 1.4667, 1.4667, 1.4667, ramp_w, 0.873, 0.2799, 0.2885, NaN, NaN, NaN, NaN, NaN, NaN
317, 1.47926, 1.47926, 1.47926, ramp_w, 0.896, 0.2816, 0.2903, NaN, NaN, NaN, NaN, NaN, NaN
318, 1.49193, 1.49193, 1.49193, ramp_w, 0.898, 0.2817, 0.2908, NaN, NaN, NaN, NaN, NaN, NaN
319, 1.5047, 1.5047, 1.5047, ramp_w, 0.899, 0.2814, 0.2908, NaN, NaN, NaN, NaN, NaN, NaN
320, 1.51758, 1.51758, 1.51758, ramp_w, 0.912, 0.2819, 0.2918, NaN, NaN, NaN, NaN, NaN, NaN
321, 1.53058, 1.53058, 1.53058, ramp_w, 0.915, 0.2819, 0.2918, NaN, NaN, NaN, NaN, NaN, NaN
322, 1.54368, 1.54368, 1.54368, ramp_w, 0.928, 0.2813, 0.2907, NaN, NaN, NaN, NaN, NaN, NaN
323, 1.5569, 1.5569, 1.5569, ramp_w, 0.931, 0.2817, 0.291, NaN, NaN, NaN, NaN, NaN, NaN
324, 1.57023, 1.57023, 1.57023, ramp_w, 0.932, 0.2814, 0.2911, NaN, NaN, NaN, NaN, NaN, NaN
325, 1.58367, 1.58367, 1.58367, ramp_w, 0.93, 0.2813, 0.2907, NaN, NaN, NaN, NaN, NaN, NaN
326, 1.59723, 1.59723, 1.59723, ramp_w, 0.954, 0.281, 0.2889, NaN, NaN, NaN, NaN, NaN, NaN
327, 1.61091, 1.61091, 1.61091, ramp_w, 0.956, 0.2811, 0.2893, NaN, NaN, NaN, NaN, NaN, NaN
328, 1.6247, 1.6247, 1.6247, ramp_w, 0.964, 0.2811, 0.2879, NaN, NaN, NaN, NaN, NaN, NaN
329, 1.63861, 1.63861, 1.63861, ramp_w, 0.965, 0.2809, 0.2881, NaN, NaN, NaN, NaN, NaN, NaN
330, 1.65264, 1.65264, 1.65264, ramp_w, 0.964, 0.2809, 0.2884, NaN, NaN, NaN, NaN, NaN, NaN
331, 1.66679, 1.66679, 1.66679, ramp_w, 0.964, 0.2813, 0.2878, NaN, NaN, NaN, NaN, NaN, NaN
332, 1.68107, 1.68107, 1.68107, ramp_w, 0.966, 0.2812, 0.2884, NaN, NaN, NaN, NaN, NaN, NaN
333, 1.69546, 1.69546, 1.69546, ramp_w, 0.964, 0.2809, 0.2881, NaN, NaN, NaN, NaN, NaN, NaN
334, 1.70998, 1.70998, 1.70998, ramp_w, 0.98, 0.2813, 0.2893, NaN, NaN, NaN, NaN, NaN, NaN
335, 1.72462, 1.72462, 1.72462, ramp_w, 0.981, 0.2812, 0.2891, NaN, NaN, NaN, NaN, NaN, NaN
336, 1.73938, 1.73938, 1.73938, ramp_w, 1.016, 0.2822, 0.2893, NaN, NaN, NaN, NaN, NaN, NaN
337, 1.75428, 1.75428, 1.75428, ramp_w, 1.018, 0.2825, 0.2899, NaN, NaN, NaN, NaN, NaN, NaN
338, 1.7693, 1.7693, 1.7693, ramp_w, 1.014, 0.2822, 0.2894, NaN, NaN, NaN, NaN, NaN, NaN
339, 1.78445, 1.78445, 1.78445, ramp_w, 1.018, 0.2822, 0.2896, NaN, NaN, NaN, NaN, NaN, NaN
340, 1.79972, 1.79972, 1.79972, ramp_w, 1.042, 0.2831, 0.2892, NaN, NaN, NaN, NaN, NaN, NaN
341, 1.81513, 1.81513, 1.81513, ramp_w, 1.042, 0.2828, 0.2892, NaN, NaN, NaN, NaN, NaN, NaN
342, 1.83068, 1.83068, 1.83068, ramp_w, 1.067, 0.2832, 0.2888, NaN, NaN, NaN, NaN, NaN, NaN
343, 1.84635, 1.84635, 1.84635, ramp_w, 1.068, 0.2831, 0.289, NaN, NaN, NaN, NaN, NaN, NaN
344, 1.86216, 1.86216, 1.86216, ramp_w, 1.092, 0.2828, 0.2886, NaN, NaN, NaN, NaN, NaN, NaN
345, 1.8781, 1.8781, 1.8781, ramp_w, 1.092, 0.283, 0.2888, NaN, NaN, NaN, NaN, NaN, NaN
346, 1.89418, 1.89418, 1.89418, ramp_w, 1.113, 0.2815, 0.2883, NaN, NaN, NaN, NaN, NaN, NaN
347, 1.9104, 1.9104, 1.9104, ramp_w, 1.134, 0.2804, 0.2883, NaN, NaN, NaN, NaN, NaN, NaN
348, 1.92676, 1.92676, 1.92676, ramp_w, 1.133, 0.2803, 0.2879, NaN, NaN, NaN, NaN, NaN, NaN
349, 1.94326, 1.94326, 1.94326, ramp_w, 1.132, 0.2803, 0.288, NaN, NaN, NaN, NaN, NaN, NaN
350, 1.95989, 1.95989, 1.95989, ramp_w, 1.159, 0.2813, 0.2865, NaN, NaN, NaN, NaN, NaN, NaN
351, 1.97668, 1.97668, 1.97668, ramp_w, 1.16, 0.2814, 0.2868, NaN, NaN, NaN, NaN, NaN, NaN
352, 1.9936, 1.9936, 1.9936, ramp_w, 1.157, 0.2813, 0.286, NaN, NaN, NaN, NaN, NaN, NaN
353, 2.01067, 2.01067, 2.01067, ramp_w, 1.193, 0.2818, 0.2883, NaN, NaN, NaN, NaN, NaN, NaN
354, 2.02789, 2.02789, 2.02789, ramp_w, 1.192, 0.2814, 0.2882, NaN, NaN, NaN, NaN, NaN, NaN
355, 2.04525, 2.04525, 2.04525, ramp_w, 1.228, 0.2826, 0.2899, NaN, NaN, NaN, NaN, NaN, NaN
356, 2.06276, 2.06276, 2.06276, ramp_w, 1.225, 0.2821, 0.2899, NaN, NaN, NaN, NaN, NaN, NaN
357, 2.08042, 2.08042, 2.08042, ramp_w, 1.225, 0.2822, 0.2898, NaN, NaN, NaN, NaN, NaN, NaN
358, 2.09824, 2.09824, 2.09824, ramp_w, 1.224, 0.2823, 0.2899, NaN, NaN, NaN, NaN, NaN, NaN
359, 2.1162, 2.1162, 2.1162, ramp_w, 1.225, 0.2823, 0.2899, NaN, NaN, NaN, NaN, NaN, NaN
360, 2.13432, 2.13432, 2.13432, ramp_w, 1.226, 0.282, 0.29, NaN, NaN, NaN, NaN, NaN, NaN
361, 2.15259, 2.15259, 2.15259, ramp_w, 1.242, 0.2811, 0.289, NaN, NaN, NaN, NaN, NaN, NaN
362, 2.17103, 2.17103, 2.17103, ramp_w, 1.244, 0.2811, 0.289, NaN, NaN, NaN, NaN, NaN, NaN
363, 2.18961, 2.18961, 2.18961, ramp_w, 1.339, 0.2821, 0.2892, NaN, NaN, NaN, NaN, NaN, NaN
364, 2.20836, 2.20836, 2.20836, ramp_w, 1.34, 0.2822, 0.2893, NaN, NaN, NaN, NaN, NaN, NaN
365, 2.22727, 2.22727, 2.22727, ramp_w, 1.34, 0.282, 0.2896, NaN, NaN, NaN, NaN, NaN, NaN
366, 2.24634, 2.24634, 2.24634, ramp_w, 1.338, 0.2823, 0.2896, NaN, NaN, NaN, NaN, NaN, NaN
367, 2.26557, 2.26557, 2.26557, ramp_w, 1.379, 0.2824, 0.2899, NaN, NaN, NaN, NaN, NaN, NaN
368, 2.28497, 2.28497, 2.28497, ramp_w, 1.407, 0.2812, 0.2896, NaN, NaN, NaN, NaN, NaN, NaN
369, 2.30454, 2.30454, 2.30454, ramp_w, 1.408, 0.2814, 0.2896, NaN, NaN, NaN, NaN, NaN, NaN
370, 2.32427, 2.32427, 2.32427, ramp_w, 1.439, 0.2811, 0.2895, NaN, NaN, NaN, NaN, NaN, NaN
371, 2.34417, 2.34417, 2.34417, ramp_w, 1.441, 0.2809, 0.2898, NaN, NaN, NaN, NaN, NaN, NaN
372, 2.36424, 2.36424, 2.36424, ramp_w, 1.48, 0.282, 0.2899, NaN, NaN, NaN, NaN, NaN, NaN
373, 2.38448, 2.38448, 2.38448, ramp_w, 1.478, 0.282, 0.2897, NaN, NaN, NaN, NaN, NaN, NaN
374, 2.4049, 2.4049, 2.4049, ramp_w, 1.513, 0.2821, 0.2897, NaN, NaN, NaN, NaN, NaN, NaN
375, 2.42549, 2.42549, 2.42549, ramp_w, 1.514, 0.2822, 0.2899, NaN, NaN, NaN, NaN, NaN, NaN
376, 2.44626, 2.44626, 2.44626, ramp_w, 1.563, 0.2813, 0.2897, NaN, NaN, NaN, NaN, NaN, NaN
377, 2.4672, 2.4672, 2.4672, ramp_w, 1.562, 0.2813, 0.2896, NaN, NaN, NaN, NaN, NaN, NaN
378, 2.48833, 2.48833, 2.48833, ramp_w, 1.562, 0.2811, 0.2898, NaN, NaN, NaN, NaN, NaN, NaN
379, 2.50963, 2.50963, 2.50963, ramp_w, 1.563, 0.2814, 0.29, NaN, NaN, NaN, NaN, NaN, NaN
380, 2.53112, 2.53112, 2.53112, ramp_w, 1.559, 0.281, 0.2896, NaN, NaN, NaN, NaN, NaN, NaN
381, 2.55279, 2.55279, 2.55279, ramp_w, 1.587, 0.2808, 0.2888, NaN, NaN, NaN, NaN, NaN, NaN
382, 2.57465, 2.57465, 2.57465, ramp_w, 1.586, 0.2806, 0.2888, NaN, NaN, NaN, NaN, NaN, NaN
383, 2.5967, 2.5967, 2.5967, ramp_w, 1.612, 0.2801, 0.2881, NaN, NaN, NaN, NaN, NaN, NaN
384, 2.61893, 2.61893, 2.61893, ramp_w, 1.612, 0.2801, 0.2881, NaN, NaN, NaN, NaN, NaN, NaN
385, 2.64135, 2.64135, 2.64135, ramp_w, 1.654, 0.2808, 0.2885, NaN, NaN, NaN, NaN, NaN, NaN
386, 2.66397, 2.66397, 2.66397, ramp_w, 1.653, 0.2808, 0.2883, NaN, NaN, NaN, NaN, NaN, NaN
387, 2.68678, 2.68678, 2.68678, ramp_w, 1.698, 0.2806, 0.2883, NaN, NaN, NaN, NaN, NaN, NaN
388, 2.70978, 2.70978, 2.70978, ramp_w, 1.703, 0.2808, 0.2886, NaN, NaN, NaN, NaN, NaN, NaN
389, 2.73298, 2.73298, 2.73298, ramp_w, 1.817, 0.2803, 0.2887, NaN, NaN, NaN, NaN, NaN, NaN
390, 2.75638, 2.75638, 2.75638, ramp_w, 1.816, 0.2801, 0.2887, NaN, NaN, NaN, NaN, NaN, NaN
391, 2.77998, 2.77998, 2.77998, ramp_w, 1.815, 0.2802, 0.2886, NaN, NaN, NaN, NaN, NaN, NaN
392, 2.80379, 2.80379, 2.80379, ramp_w, 1.88, 0.2819, 0.2902, NaN, NaN, NaN, NaN, NaN, NaN
393, 2.82779, 2.82779, 2.82779, ramp_w, 1.879, 0.2816, 0.2902, NaN, NaN, NaN, NaN, NaN, NaN
394, 2.85201, 2.85201, 2.85201, ramp_w, 1.924, 0.2813, 0.2896, NaN, NaN, NaN, NaN, NaN, NaN
395, 2.87642, 2.87642, 2.87642, ramp_w, 1.923, 0.281, 0.2894, NaN, NaN, NaN, NaN, NaN, NaN
396, 2.90105, 2.90105, 2.90105, ramp_w, 1.967, 0.2805, 0.2886, NaN, NaN, NaN, NaN, NaN, NaN
397, 2.92589, 2.92589, 2.92589, ramp_w, 1.968, 0.2806, 0.2887, NaN, NaN, NaN, NaN, NaN, NaN
398, 2.95094, 2.95094, 2.95094, ramp_w, 1.994, 0.2804, 0.2887, NaN, NaN, NaN, NaN, NaN, NaN
399, 2.97621, 2.97621, 2.97621, ramp_w, 1.996, 0.2805, 0.2885, NaN, NaN, NaN, NaN, NaN, NaN
400, 3.00169, 3.00169, 3.00169, ramp_w, 2.022, 0.2805, 0.2882, NaN, NaN, NaN, NaN, NaN, NaN
401, 3.02739, 3.02739, 3.02739, ramp_w, 2.05, 0.2809, 0.2892, NaN, NaN, NaN, NaN, NaN, NaN
402, 3.05332, 3.05332, 3.05332, ramp_w, 2.048, 0.2807, 0.2895, NaN, NaN, NaN, NaN, NaN, NaN
403, 3.07946, 3.07946, 3.07946, ramp_w, 2.051, 0.281, 0.2894, NaN, NaN, NaN, NaN, NaN, NaN
404, 3.10583, 3.10583, 3.10583, ramp_w, 2.051, 0.2809, 0.2895, NaN, NaN, NaN, NaN, NaN, NaN
405, 3.13242, 3.13242, 3.13242, ramp_w, 2.126, 0.2821, 0.2918, NaN, NaN, NaN, NaN, NaN, NaN
406, 3.15924, 3.15924, 3.15924, ramp_w, 2.129, 0.2822, 0.2918, NaN, NaN, NaN, NaN, NaN, NaN
407, 3.18629, 3.18629, 3.18629, ramp_w, 2.147, 0.2816, 0.2901, NaN, NaN, NaN, NaN, NaN, NaN
408, 3.21357, 3.21357, 3.21357, ramp_w, 2.169, 0.2813, 0.2889, NaN, NaN, NaN, NaN, NaN, NaN
409, 3.24109, 3.24109, 3.24109, ramp_w, 2.168, 0.2812, 0.2888, NaN, NaN, NaN, NaN, NaN, NaN
410, 3.26884, 3.26884, 3.26884, ramp_w, 2.291, 0.2813, 0.29, NaN, NaN, NaN, NaN, NaN, NaN
411, 3.29682, 3.29682, 3.29682, ramp_w, 2.291, 0.2814, 0.29, NaN, NaN, NaN, NaN, NaN, NaN
412, 3.32505, 3.32505, 3.32505, ramp_w, 2.348, 0.2813, 0.2899, NaN, NaN, NaN, NaN, NaN, NaN
413, 3.35352, 3.35352, 3.35352, ramp_w, 2.347, 0.2813, 0.2899, NaN, NaN, NaN, NaN, NaN, NaN
414, 3.38224, 3.38224, 3.38224, ramp_w, 2.436, 0.2815, 0.2895, NaN, NaN, NaN, NaN, NaN, NaN
415, 3.41119, 3.41119, 3.41119, ramp_w, 2.437, 0.2814, 0.2897, NaN, NaN, NaN, NaN, NaN, NaN
416, 3.4404, 3.4404, 3.4404, ramp_w, 2.44, 0.2815, 0.2897, NaN, NaN, NaN, NaN, NaN, NaN
417, 3.46986, 3.46986, 3.46986, ramp_w, 2.476, 0.2814, 0.2903, NaN, NaN, NaN, NaN, NaN, NaN
418, 3.49957, 3.49957, 3.49957, ramp_w, 2.48, 0.2814, 0.2905, NaN, NaN, NaN, NaN, NaN, NaN
419, 3.52953, 3.52953, 3.52953, ramp_w, 2.523, 0.282, 0.2911, NaN, NaN, NaN, NaN, NaN, NaN
420, 3.55975, 3.55975, 3.55975, ramp_w, 2.521, 0.2819, 0.2911, NaN, NaN, NaN, NaN, NaN, NaN
421, 3.59023, 3.59023, 3.59023, ramp_w, 2.563, 0.2823, 0.2919, NaN, NaN, NaN, NaN, NaN, NaN
422, 3.62097, 3.62097, 3.62097, ramp_w, 2.565, 0.2823, 0.292, NaN, NaN, NaN, NaN, NaN, NaN
423, 3.65198, 3.65198, 3.65198, ramp_w, 2.567, 0.2824, 0.2919, NaN, NaN, NaN, NaN, NaN, NaN
424, 3.68324, 3.68324, 3.68324, ramp_w, 2.603, 0.2819, 0.2905, NaN, NaN, NaN, NaN, NaN, NaN
425, 3.71478, 3.71478, 3.71478, ramp_w, 2.602, 0.282, 0.2904, NaN, NaN, NaN, NaN, NaN, NaN
426, 3.74659, 3.74659, 3.74659, ramp_w, 2.599, 0.2817, 0.2903, NaN, NaN, NaN, NaN, NaN, NaN
427, 3.77867, 3.77867, 3.77867, ramp_w, 2.689, 0.2815, 0.291, NaN, NaN, NaN, NaN, NaN, NaN
428, 3.81102, 3.81102, 3.81102, ramp_w, 2.687, 0.2816, 0.2909, NaN, NaN, NaN, NaN, NaN, NaN
429, 3.84365, 3.84365, 3.84365, ramp_w, 2.75, 0.2815, 0.2909, NaN, NaN, NaN, NaN, NaN, NaN
430, 3.87656, 3.87656, 3.87656, ramp_w, 2.746, 0.2814, 0.2907, NaN, NaN, NaN, NaN, NaN, NaN
431, 3.90975, 3.90975, 3.90975, ramp_w, 2.835, 0.2814, 0.2895, NaN, NaN, NaN, NaN, NaN, NaN
432, 3.94323, 3.94323, 3.94323, ramp_w, 2.905, 0.2813, 0.2894, NaN, NaN, NaN, NaN, NaN, NaN
433, 3.97699, 3.97699, 3.97699, ramp_w, 2.906, 0.2814, 0.2894, NaN, NaN, NaN, NaN, NaN, NaN
434, 4.01104, 4.01104, 4.01104, ramp_w, 2.932, 0.2815, 0.2901, NaN, NaN, NaN, NaN, NaN, NaN
435, 4.04539, 4.04539, 4.04539, ramp_w, 2.929, 0.2813, 0.2899, NaN, NaN, NaN, NaN, NaN, NaN
436, 4.08002, 4.08002, 4.08002, ramp_w, 3.025, 0.2809, 0.2901, NaN, NaN, NaN, NaN, NaN, NaN
437, 4.11496, 4.11496, 4.11496, ramp_w, 3.021, 0.2808, 0.2899, NaN, NaN, NaN, NaN, NaN, NaN
438, 4.15019, 4.15019, 4.15019, ramp_w, 3.021, 0.2806, 0.2898, NaN, NaN, NaN, NaN, NaN, NaN
439, 4.18572, 4.18572, 4.18572, ramp_w, 3.067, 0.2796, 0.2871, NaN, NaN, NaN, NaN, NaN, NaN
440, 4.22156, 4.22156, 4.22156, ramp_w, 3.066, 0.2797, 0.2872, NaN, NaN, NaN, NaN, NaN, NaN
441, 4.25771, 4.25771, 4.25771, ramp_w, 3.067, 0.2797, 0.2871, NaN, NaN, NaN, NaN, NaN, NaN
442, 4.29416, 4.29416, 4.29416, ramp_w, 3.066, 0.2797, 0.2871, NaN, NaN, NaN, NaN, NaN, NaN
443, 4.33093, 4.33093, 4.33093, ramp_w, 3.101, 0.2803, 0.2879, NaN, NaN, NaN, NaN, NaN, NaN
444, 4.36801, 4.36801, 4.36801, ramp_w, 3.198, 0.2819, 0.29, NaN, NaN, NaN, NaN, NaN, NaN
445, 4.40541, 4.40541, 4.40541, ramp_w, 3.198, 0.2821, 0.29, NaN, NaN, NaN, NaN, NaN, NaN
446, 4.44313, 4.44313, 4.44313, ramp_w, 3.231, 0.282, 0.29, NaN, NaN, NaN, NaN, NaN, NaN
447, 4.48118, 4.48118, 4.48118, ramp_w, 3.311, 0.2818, 0.2901, NaN, NaN, NaN, NaN, NaN, NaN
448, 4.51954, 4.51954, 4.51954, ramp_w, 3.313, 0.2819, 0.2902, NaN, NaN, NaN, NaN, NaN, NaN
449, 4.55824, 4.55824, 4.55824, ramp_w, 3.313, 0.2819, 0.2902, NaN, NaN, NaN, NaN, NaN, NaN
450, 4.59727, 4.59727, 4.59727, ramp_w, 3.315, 0.282, 0.2903, NaN, NaN, NaN, NaN, NaN, NaN
451, 4.63663, 4.63663, 4.63663, ramp_w, 3.498, 0.2819, 0.2903, NaN, NaN, NaN, NaN, NaN, NaN
452, 4.67633, 4.67633, 4.67633, ramp_w, 3.541, 0.2818, 0.2898, NaN, NaN, NaN, NaN, NaN, NaN
453, 4.71637, 4.71637, 4.71637, ramp_w, 3.542, 0.2819, 0.2898, NaN, NaN, NaN, NaN, NaN, NaN
454, 4.75675, 4.75675, 4.75675, ramp_w, 3.59, 0.2818, 0.2904, NaN, NaN, NaN, NaN, NaN, NaN
455, 4.79748, 4.79748, 4.79748, ramp_w, 3.596, 0.2818, 0.2906, NaN, NaN, NaN, NaN, NaN, NaN
456, 4.83856, 4.83856, 4.83856, ramp_w, 3.684, 0.2817, 0.2907, NaN, NaN, NaN, NaN, NaN, NaN
457, 4.87999, 4.87999, 4.87999, ramp_w, 3.738, 0.2818, 0.2907, NaN, NaN, NaN, NaN, NaN, NaN
458, 4.92177, 4.92177, 4.92177, ramp_w, 3.74, 0.2818, 0.2908, NaN, NaN, NaN, NaN, NaN, NaN
459, 4.96391, 4.96391, 4.96391, ramp_w, 3.739, 0.2818, 0.2907, NaN, NaN, NaN, NaN, NaN, NaN
460, 5.00641, 5.00641, 5.00641, ramp_w, 3.737, 0.2818, 0.2907, NaN, NaN, NaN, NaN, NaN, NaN
461, 5.04928, 5.04928, 5.04928, ramp_w, 3.739, 0.2818, 0.2908, NaN, NaN, NaN, NaN, NaN, NaN
462, 5.09251, 5.09251, 5.09251, ramp_w, 3.774, 0.2816, 0.2872, NaN, NaN, NaN, NaN, NaN, NaN
463, 5.13612, 5.13612, 5.13612, ramp_w, 3.773, 0.2816, 0.2872, NaN, NaN, NaN, NaN, NaN, NaN
464, 5.18009, 5.18009, 5.18009, ramp_w, 3.886, 0.2817, 0.2898, NaN, NaN, NaN, NaN, NaN, NaN
465, 5.22444, 5.22444, 5.22444, ramp_w, 3.885, 0.2817, 0.2897, NaN, NaN, NaN, NaN, NaN, NaN
466, 5.26918, 5.26918, 5.26918, ramp_w, 3.958, 0.2819, 0.29, NaN, NaN, NaN, NaN, NaN, NaN
467, 5.31429, 5.31429, 5.31429, ramp_w, 4.064, 0.2823, 0.2883, NaN, NaN, NaN, NaN, NaN, NaN
468, 5.35979, 5.35979, 5.35979, ramp_w, 4.066, 0.2822, 0.2883, NaN, NaN, NaN, NaN, NaN, NaN
469, 5.40569, 5.40569, 5.40569, ramp_w, 4.176, 0.2818, 0.2897, NaN, NaN, NaN, NaN, NaN, NaN
470, 5.45197, 5.45197, 5.45197, ramp_w, 4.256, 0.282, 0.2902, NaN, NaN, NaN, NaN, NaN, NaN
471, 5.49865, 5.49865, 5.49865, ramp_w, 4.257, 0.282, 0.2903, NaN, NaN, NaN, NaN, NaN, NaN
472, 5.54573, 5.54573, 5.54573, ramp_w, 4.257, 0.282, 0.2904, NaN, NaN, NaN, NaN, NaN, NaN
473, 5.59321, 5.59321, 5.59321, ramp_w, 4.256, 0.2821, 0.2903, NaN, NaN, NaN, NaN, NaN, NaN
474, 5.6411, 5.6411, 5.6411, ramp_w, 4.367, 0.2822, 0.2895, NaN, NaN, NaN, NaN, NaN, NaN
475, 5.6894, 5.6894, 5.6894, ramp_w, 4.387, 0.2822, 0.2891, NaN, NaN, NaN, NaN, NaN, NaN
476, 5.73812, 5.73812, 5.73812, ramp_w, 4.388, 0.2822, 0.2893, NaN, NaN, NaN, NaN, NaN, NaN
477, 5.78725, 5.78725, 5.78725, ramp_w, 4.386, 0.2822, 0.2892, NaN, NaN, NaN, NaN, NaN, NaN
478, 5.8368, 5.8368, 5.8368, ramp_w, 4.465, 0.282, 0.2897, NaN, NaN, NaN, NaN, NaN, NaN
479, 5.88678, 5.88678, 5.88678, ramp_w, 4.461, 0.282, 0.2897, NaN, NaN, NaN, NaN, NaN, NaN
480, 5.93718, 5.93718, 5.93718, ramp_w, 4.571, 0.282, 0.2902, NaN, NaN, NaN, NaN, NaN, NaN
481, 5.98802, 5.98802, 5.98802, ramp_w, 4.68, 0.2816, 0.29, NaN, NaN, NaN, NaN, NaN, NaN
482, 6.03929, 6.03929, 6.03929, ramp_w, 4.68, 0.2816, 0.2901, NaN, NaN, NaN, NaN, NaN, NaN
483, 6.09099, 6.09099, 6.09099, ramp_w, 4.682, 0.2816, 0.2901, NaN, NaN, NaN, NaN, NaN, NaN
484, 6.14315, 6.14315, 6.14315, ramp_w, 4.679, 0.2815, 0.29, NaN, NaN, NaN, NaN, NaN, NaN
485, 6.19575, 6.19575, 6.19575, ramp_w, 4.868, 0.2821, 0.2905, NaN, NaN, NaN, NaN, NaN, NaN
486, 6.24879, 6.24879, 6.24879, ramp_w, 4.952, 0.2826, 0.2906, NaN, NaN, NaN, NaN, NaN, NaN
487, 6.3023, 6.3023, 6.3023, ramp_w, 4.952, 0.2826, 0.2905, NaN, NaN, NaN, NaN, NaN, NaN
488, 6.35626, 6.35626, 6.35626, ramp_w, 5.004, 0.2825, 0.289, NaN, NaN, NaN, NaN, NaN, NaN
489, 6.41068, 6.41068, 6.41068, ramp_w, 5.107, 0.2815, 0.2896, NaN, NaN, NaN, NaN, NaN, NaN
490, 6.46557, 6.46557, 6.46557, ramp_w, 5.107, 0.2816, 0.2897, NaN, NaN, NaN, NaN, NaN, NaN
491, 6.52093, 6.52093, 6.52093, ramp_w, 5.136, 0.2812, 0.2898, NaN, NaN, NaN, NaN, NaN, NaN
492, 6.57676, 6.57676, 6.57676, ramp_w, 5.17, 0.2816, 0.2902, NaN, NaN, NaN, NaN, NaN, NaN
493, 6.63308, 6.63308, 6.63308, ramp_w, 5.171, 0.2816, 0.2901, NaN, NaN, NaN, NaN, NaN, NaN
494, 6.68987, 6.68987, 6.68987, ramp_w, 5.175, 0.2816, 0.2902, NaN, NaN, NaN, NaN, NaN, NaN
495, 6.74715, 6.74715, 6.74715, ramp_w, 5.174, 0.2816, 0.2902, NaN, NaN, NaN, NaN, NaN, NaN
496, 6.80492, 6.80492, 6.80492, ramp_w, 5.306, 0.2823, 0.2899, NaN, NaN, NaN, NaN, NaN, NaN
497, 6.86318, 6.86318, 6.86318, ramp_w, 5.418, 0.2824, 0.2895, NaN, NaN, NaN, NaN, NaN, NaN
498, 6.92195, 6.92195, 6.92195, ramp_w, 5.418, 0.2824, 0.2895, NaN, NaN, NaN, NaN, NaN, NaN
499, 6.98121, 6.98121, 6.98121, ramp_w, 5.647, 0.2828, 0.2911, NaN, NaN, NaN, NaN, NaN, NaN
500, 7.04099, 7.04099, 7.04099, ramp_w, 5.694, 0.2829, 0.2903, NaN, NaN, NaN, NaN, NaN, NaN
501, 7.10128, 7.10128, 7.10128, ramp_w, 5.695, 0.2828, 0.2904, NaN, NaN, NaN, NaN, NaN, NaN
502, 7.16208, 7.16208, 7.16208, ramp_w, 5.772, 0.2819, 0.2894, NaN, NaN, NaN, NaN, NaN, NaN
503, 7.2234, 7.2234, 7.2234, ramp_w, 5.866, 0.2814, 0.2897, NaN, NaN, NaN, NaN, NaN, NaN
504, 7.28525, 7.28525, 7.28525, ramp_w, 5.868, 0.2814, 0.2897, NaN, NaN, NaN, NaN, NaN, NaN
505, 7.34763, 7.34763, 7.34763, ramp_w, 5.865, 0.2814, 0.2896, NaN, NaN, NaN, NaN, NaN, NaN
506, 7.41054, 7.41054, 7.41054, ramp_w, 5.964, 0.2827, 0.292, NaN, NaN, NaN, NaN, NaN, NaN
507, 7.47399, 7.47399, 7.47399, ramp_w, 5.964, 0.2828, 0.292, NaN, NaN, NaN, NaN, NaN, NaN
508, 7.53798, 7.53798, 7.53798, ramp_w, 5.99, 0.2827, 0.2916, NaN, NaN, NaN, NaN, NaN, NaN
509, 7.60252, 7.60252, 7.60252, ramp_w, 6.085, 0.2826, 0.2901, NaN, NaN, NaN, NaN, NaN, NaN
510, 7.66762, 7.66762, 7.66762, ramp_w, 6.091, 0.2826, 0.2901, NaN, NaN, NaN, NaN, NaN, NaN
511, 7.73327, 7.73327, 7.73327, ramp_w, 6.184, 0.2813, 0.2892, NaN, NaN, NaN, NaN, NaN, NaN
512, 7.79948, 7.79948, 7.79948, ramp_w, 6.314, 0.2811, 0.2893, NaN, NaN, NaN, NaN, NaN, NaN
513, 7.86626, 7.86626, 7.86626, ramp_w, 6.324, 0.2811, 0.2894, NaN, NaN, NaN, NaN, NaN, NaN
514, 7.93361, 7.93361, 7.93361, ramp_w, 6.465, 0.2814, 0.2896, NaN, NaN, NaN, NaN, NaN, NaN
515, 8.00154, 8.00154, 8.00154, ramp_w, 6.466, 0.2814, 0.2897, NaN, NaN, NaN, NaN, NaN, NaN
516, 8.07005, 8.07005, 8.07005, ramp_w, 6.463, 0.2814, 0.2897, NaN, NaN, NaN, NaN, NaN, NaN
517, 8.13915, 8.13915, 8.13915, ramp_w, 6.614, 0.2821, 0.2896, NaN, NaN, NaN, NaN, NaN, NaN
518, 8.20884, 8.20884, 8.20884, ramp_w, 6.717, 0.2819, 0.2902, NaN, NaN, NaN, NaN, NaN, NaN
519, 8.27913, 8.27913, 8.27913, ramp_w, 6.722, 0.282, 0.2903, NaN, NaN, NaN, NaN, NaN, NaN
520, 8.35001, 8.35001, 8.35001, ramp_w, 6.802, 0.2817, 0.2906, NaN, NaN, NaN, NaN, NaN, NaN
521, 8.42151, 8.42151, 8.42151, ramp_w, 6.805, 0.2817, 0.2906, NaN, NaN, NaN, NaN, NaN, NaN
522, 8.49361, 8.49361, 8.49361, ramp_w, 6.803, 0.2817, 0.2906, NaN, NaN, NaN, NaN, NaN, NaN
523, 8.56634, 8.56634, 8.56634, ramp_w, 6.89, 0.2825, 0.2906, NaN, NaN, NaN, NaN, NaN, NaN
524, 8.63968, 8.63968, 8.63968, ramp_w, 6.992, 0.2821, 0.2901, NaN, NaN, NaN, NaN, NaN, NaN
525, 8.71366, 8.71366, 8.71366, ramp_w, 6.996, 0.2821, 0.2901, NaN, NaN, NaN, NaN, NaN, NaN
526, 8.78827, 8.78827, 8.78827, ramp_w, 6.988, 0.2821, 0.29, NaN, NaN, NaN, NaN, NaN, NaN
527, 8.86351, 8.86351, 8.86351, ramp_w, 7.284, 0.2825, 0.2913, NaN, NaN, NaN, NaN, NaN, NaN
528, 8.9394, 8.9394, 8.9394, ramp_w, 7.287, 0.2824, 0.2913, NaN, NaN, NaN, NaN, NaN, NaN
529, 9.01594, 9.01594, 9.01594, ramp_w, 7.378, 0.2818, 0.2898, NaN, NaN, NaN, NaN, NaN, NaN
530, 9.09314, 9.09314, 9.09314, ramp_w, 7.485, 0.2815, 0.2887, NaN, NaN, NaN, NaN, NaN, NaN
531, 9.171, 9.171, 9.171, ramp_w, 7.49, 0.2814, 0.2886, NaN, NaN, NaN, NaN, NaN, NaN
532, 9.24952, 9.24952, 9.24952, ramp_w, 7.571, 0.2816, 0.2897, NaN, NaN, NaN, NaN, NaN, NaN
533, 9.32872, 9.32872, 9.32872, ramp_w, 7.637, 0.2824, 0.2909, NaN, NaN, NaN, NaN, NaN, NaN
534, 9.40859, 9.40859, 9.40859, ramp_w, 7.63, 0.2823, 0.2909, NaN, NaN, NaN, NaN, NaN, NaN
535, 9.48915, 9.48915, 9.48915, ramp_w, 7.634, 0.2823, 0.2909, NaN, NaN, NaN, NaN, NaN, NaN
536, 9.5704, 9.5704, 9.5704, ramp_w, 7.632, 0.2823, 0.291, NaN, NaN, NaN, NaN, NaN, NaN
537, 9.65234, 9.65234, 9.65234, ramp_w, 7.915, 0.2818, 0.2899, NaN, NaN, NaN, NaN, NaN, NaN
538, 9.73498, 9.73498, 9.73498, ramp_w, 7.916, 0.2818, 0.29, NaN, NaN, NaN, NaN, NaN, NaN
539, 9.81834, 9.81834, 9.81834, ramp_w, 8.097, 0.2819, 0.2899, NaN, NaN, NaN, NaN, NaN, NaN
540, 9.9024, 9.9024, 9.9024, ramp_w, 8.258, 0.2817, 0.2895, NaN, NaN, NaN, NaN, NaN, NaN
541, 9.98719, 9.98719, 9.98719, ramp_w, 8.258, 0.2818, 0.2895, NaN, NaN, NaN, NaN, NaN, NaN
542, 10.0727, 10.0727, 10.0727, ramp_w, 8.342, 0.2812, 0.2889, NaN, NaN, NaN, NaN, NaN, NaN
543, 10.1589, 10.1589, 10.1589, ramp_w, 8.5, 0.2819, 0.2902, NaN, NaN, NaN, NaN, NaN, NaN
544, 10.2459, 10.2459, 10.2459, ramp_w, 8.5, 0.2819, 0.2902, NaN, NaN, NaN, NaN, NaN, NaN
545, 10.3337, 10.3337, 10.3337, ramp_w, 8.647, 0.2815, 0.2892, NaN, NaN, NaN, NaN, NaN, NaN
546, 10.4221, 10.4221, 10.4221, ramp_w, 8.64, 0.2815, 0.2891, NaN, NaN, NaN, NaN, NaN, NaN
547, 10.5114, 10.5114, 10.5114, ramp_w, 8.643, 0.2816, 0.2891, NaN, NaN, NaN, NaN, NaN, NaN
548, 10.6014, 10.6014, 10.6014, ramp_w, 8.713, 0.2818, 0.2897, NaN, NaN, NaN, NaN, NaN, NaN
549, 10.6921, 10.6921, 10.6921, ramp_w, 8.859, 0.2819, 0.2901, NaN, NaN, NaN, NaN, NaN, NaN
550, 10.7837, 10.7837, 10.7837, ramp_w, 8.86, 0.2819, 0.2901, NaN, NaN, NaN, NaN, NaN, NaN
551, 10.876, 10.876, 10.876, ramp_w, 8.954, 0.2819, 0.2895, NaN, NaN, NaN, NaN, NaN, NaN
552, 10.9691, 10.9691, 10.9691, ramp_w, 9.167, 0.2818, 0.2894, NaN, NaN, NaN, NaN, NaN, NaN
553, 11.0631, 11.0631, 11.0631, ramp_w, 9.349, 0.2819, 0.289, NaN, NaN, NaN, NaN, NaN, NaN
554, 11.1578, 11.1578, 11.1578, ramp_w, 9.35, 0.2818, 0.2888, NaN, NaN, NaN, NaN, NaN, NaN
555, 11.2533, 11.2533, 11.2533, ramp_w, 9.506, 0.2818, 0.2893, NaN, NaN, NaN, NaN, NaN, NaN
556, 11.3497, 11.3497, 11.3497, ramp_w, 9.513, 0.2818, 0.2893, NaN, NaN, NaN, NaN, NaN, NaN
557, 11.4469, 11.4469, 11.4469, ramp_w, 9.513, 0.2818, 0.2893, NaN, NaN, NaN, NaN, NaN, NaN
558, 11.5449, 11.5449, 11.5449, ramp_w, 9.673, 0.2817, 0.2885, NaN, NaN, NaN, NaN, NaN, NaN
559, 11.6437, 11.6437, 11.6437, ramp_w, 9.672, 0.2818, 0.2885, NaN, NaN, NaN, NaN, NaN, NaN
560, 11.7434, 11.7434, 11.7434, ramp_w, 9.67, 0.2817, 0.2885, NaN, NaN, NaN, NaN, NaN, NaN
561, 11.844, 11.844, 11.844, ramp_w, 9.89, 0.2817, 0.2891, NaN, NaN, NaN, NaN, NaN, NaN
562, 11.9454, 11.9454, 11.9454, ramp_w, 10.033, 0.2818, 0.2892, NaN, NaN, NaN, NaN, NaN, NaN
563, 12.0476, 12.0476, 12.0476, ramp_w, 10.234, 0.2821, 0.2894, NaN, NaN, NaN, NaN, NaN, NaN
564, 12.1508, 12.1508, 12.1508, ramp_w, 10.237, 0.2822, 0.2893, NaN, NaN, NaN, NaN, NaN, NaN
565, 12.2548, 12.2548, 12.2548, ramp_w, 10.476, 0.2824, 0.2898, NaN, NaN, NaN, NaN, NaN, NaN
566, 12.3598, 12.3598, 12.3598, ramp_w, 10.477, 0.2823, 0.2897, NaN, NaN, NaN, NaN, NaN, NaN
567, 12.4656, 12.4656, 12.4656, ramp_w, 10.477, 0.2823, 0.2897, NaN, NaN, NaN, NaN, NaN, NaN
568, 12.5723, 12.5723, 12.5723, ramp_w, 10.685, 0.2815, 0.2887, NaN, NaN, NaN, NaN, NaN, NaN
569, 12.68, 12.68, 12.68, ramp_w, 10.825, 0.2812, 0.2881, NaN, NaN, NaN, NaN, NaN, NaN
570, 12.7885, 12.7885, 12.7885, ramp_w, 10.825, 0.2812, 0.2881, NaN, NaN, NaN, NaN, NaN, NaN
571, 12.898, 12.898, 12.898, ramp_w, 10.822, 0.2813, 0.2881, NaN, NaN, NaN, NaN, NaN, NaN
572, 13.0085, 13.0085, 13.0085, ramp_w, 10.974, 0.2813, 0.2891, NaN, NaN, NaN, NaN, NaN, NaN
573, 13.1198, 13.1198, 13.1198, ramp_w, 11.096, 0.2817, 0.2888, NaN, NaN, NaN, NaN, NaN, NaN
574, 13.2322, 13.2322, 13.2322, ramp_w, 11.093, 0.2817, 0.2888, NaN, NaN, NaN, NaN, NaN, NaN
575, 13.3455, 13.3455, 13.3455, ramp_w, 11.217, 0.2817, 0.2884, NaN, NaN, NaN, NaN, NaN, NaN
576, 13.4597, 13.4597, 13.4597, ramp_w, 11.216, 0.2818, 0.2885, NaN, NaN, NaN, NaN, NaN, NaN
577, 13.575, 13.575, 13.575, ramp_w, 11.575, 0.2824, 0.2889, NaN, NaN, NaN, NaN, NaN, NaN
578, 13.6912, 13.6912, 13.6912, ramp_w, 11.581, 0.2824, 0.2889, NaN, NaN, NaN, NaN, NaN, NaN
579, 13.8084, 13.8084, 13.8084, ramp_w, 11.725, 0.2826, 0.2894, NaN, NaN, NaN, NaN, NaN, NaN
580, 13.9267, 13.9267, 13.9267, ramp_w, 11.783, 0.2817, 0.2877, NaN, NaN, NaN, NaN, NaN, NaN
581, 14.0459, 14.0459, 14.0459, ramp_w, 11.782, 0.2818, 0.2877, NaN, NaN, NaN, NaN, NaN, NaN
582, 14.1662, 14.1662, 14.1662, ramp_w, 11.784, 0.2818, 0.2877, NaN, NaN, NaN, NaN, NaN, NaN
583, 14.2875, 14.2875, 14.2875, ramp_w, 12.04, 0.2822, 0.2884, NaN, NaN, NaN, NaN, NaN, NaN
584, 14.4098, 14.4098, 14.4098, ramp_w, 12.268, 0.2825, 0.2896, NaN, NaN, NaN, NaN, NaN, NaN
585, 14.5332, 14.5332, 14.5332, ramp_w, 12.273, 0.2825, 0.2896, NaN, NaN, NaN, NaN, NaN, NaN
586, 14.6576, 14.6576, 14.6576, ramp_w, 12.279, 0.2825, 0.2896, NaN, NaN, NaN, NaN, NaN, NaN
587, 14.7831, 14.7831, 14.7831, ramp_w, 12.723, 0.2824, 0.2887, NaN, NaN, NaN, NaN, NaN, NaN
588, 14.9097, 14.9097, 14.9097, ramp_w, 12.727, 0.2823, 0.2886, NaN, NaN, NaN, NaN, NaN, NaN
589, 15.0374, 15.0374, 15.0374, ramp_w, 12.831, 0.2821, 0.2882, NaN, NaN, NaN, NaN, NaN, NaN
590, 15.1661, 15.1661, 15.1661, ramp_w, 13.034, 0.2823, 0.2888, NaN, NaN, NaN, NaN, NaN, NaN
591, 15.296, 15.296, 15.296, ramp_w, 13.215, 0.2827, 0.2894, NaN, NaN, NaN, NaN, NaN, NaN
592, 15.4269, 15.4269, 15.4269, ramp_w, 13.226, 0.2828, 0.2896, NaN, NaN, NaN, NaN, NaN, NaN
593, 15.559, 15.559, 15.559, ramp_w, 13.294, 0.2827, 0.2895, NaN, NaN, NaN, NaN, NaN, NaN
594, 15.6922, 15.6922, 15.6922, ramp_w, 13.409, 0.2825, 0.2892, NaN, NaN, NaN, NaN, NaN, NaN
595, 15.8266, 15.8266, 15.8266, ramp_w, 13.397, 0.2825, 0.2891, NaN, NaN, NaN, NaN, NaN, NaN
596, 15.9621, 15.9621, 15.9621, ramp_w, 13.413, 0.2824, 0.2893, NaN, NaN, NaN, NaN, NaN, NaN
597, 16.0988, 16.0988, 16.0988, ramp_w, 13.994, 0.2823, 0.2893, NaN, NaN, NaN, NaN, NaN, NaN
598, 16.2366, 16.2366, 16.2366, ramp_w, 14.114, 0.282, 0.2884, NaN, NaN, NaN, NaN, NaN, NaN
599, 16.3756, 16.3756, 16.3756, ramp_w, 14.295, 0.2825, 0.289, NaN, NaN, NaN, NaN, NaN, NaN
600, 16.5159, 16.5159, 16.5159, ramp_w, 14.293, 0.2825, 0.289, NaN, NaN, NaN, NaN, NaN, NaN
601, 16.6573, 16.6573, 16.6573, ramp_w, 14.522, 0.2825, 0.2891, NaN, NaN, NaN, NaN, NaN, NaN
602, 16.7999, 16.7999, 16.7999, ramp_w, 14.514, 0.2826, 0.289, NaN, NaN, NaN, NaN, NaN, NaN
603, 16.9437, 16.9437, 16.9437, ramp_w, 14.645, 0.2822, 0.2889, NaN, NaN, NaN, NaN, NaN, NaN
604, 17.0888, 17.0888, 17.0888, ramp_w, 14.664, 0.2823, 0.2891, NaN, NaN, NaN, NaN, NaN, NaN
605, 17.2351, 17.2351, 17.2351, ramp_w, 14.651, 0.2821, 0.289, NaN, NaN, NaN, NaN, NaN, NaN
606, 17.3827, 17.3827, 17.3827, ramp_w, 15.299, 0.2823, 0.2887, NaN, NaN, NaN, NaN, NaN, NaN
607, 17.5315, 17.5315, 17.5315, ramp_w, 15.3, 0.2823, 0.2886, NaN, NaN, NaN, NaN, NaN, NaN
608, 17.6816, 17.6816, 17.6816, ramp_w, 15.515, 0.2826, 0.2894, NaN, NaN, NaN, NaN, NaN, NaN
609, 17.833, 17.833, 17.833, ramp_w, 15.744, 0.2826, 0.2899, NaN, NaN, NaN, NaN, NaN, NaN
610, 17.9857, 17.9857, 17.9857, ramp_w, 15.895, 0.2823, 0.2891, NaN, NaN, NaN, NaN, NaN, NaN
611, 18.1397, 18.1397, 18.1397, ramp_w, 15.903, 0.2824, 0.2891, NaN, NaN, NaN, NaN, NaN, NaN
612, 18.295, 18.295, 18.295, ramp_w, 15.917, 0.2823, 0.2889, NaN, NaN, NaN, NaN, NaN, NaN
613, 18.4517, 18.4517, 18.4517, ramp_w, 16.085, 0.2828, 0.29, NaN, NaN, NaN, NaN, NaN, NaN
614, 18.6097, 18.6097, 18.6097, ramp_w, 16.076, 0.2828, 0.29, NaN, NaN, NaN, NaN, NaN, NaN
615, 18.769, 18.769, 18.769, ramp_w, 16.068, 0.2827, 0.29, NaN, NaN, NaN, NaN, NaN, NaN
616, 18.9297, 18.9297, 18.9297, ramp_w, 16.659, 0.2826, 0.2901, NaN, NaN, NaN, NaN, NaN, NaN
617, 19.0918, 19.0918, 19.0918, ramp_w, 16.932, 0.2821, 0.2901, NaN, NaN, NaN, NaN, NaN, NaN
618, 19.2552, 19.2552, 19.2552, ramp_w, 17.111, 0.2823, 0.29, NaN, NaN, NaN, NaN, NaN, NaN
619, 19.4201, 19.4201, 19.4201, ramp_w, 17.111, 0.2823, 0.29, NaN, NaN, NaN, NaN, NaN, NaN
620, 19.5864, 19.5864, 19.5864, ramp_w, 17.268, 0.2823, 0.2892, NaN, NaN, NaN, NaN, NaN, NaN
621, 19.7541, 19.7541, 19.7541, ramp_w, 17.282, 0.2821, 0.289, NaN, NaN, NaN, NaN, NaN, NaN
622, 19.9232, 19.9232, 19.9232, ramp_w, 17.395, 0.2819, 0.289, NaN, NaN, NaN, NaN, NaN, NaN
623, 20.0938, 20.0938, 20.0938, ramp_w, 17.386, 0.2819, 0.289, NaN, NaN, NaN, NaN, NaN, NaN
624, 20.2659, 20.2659, 20.2659, ramp_w, 17.395, 0.282, 0.2891, NaN, NaN, NaN, NaN, NaN, NaN
625, 20.4394, 20.4394, 20.4394, ramp_w, 17.972, 0.2828, 0.2904, NaN, NaN, NaN, NaN, NaN, NaN
626, 20.6144, 20.6144, 20.6144, ramp_w, 18.18, 0.2828, 0.2898, NaN, NaN, NaN, NaN, NaN, NaN
627, 20.7909, 20.7909, 20.7909, ramp_w, 18.17, 0.2828, 0.2898, NaN, NaN, NaN, NaN, NaN, NaN
628, 20.9689, 20.9689, 20.9689, ramp_w, 18.449, 0.2827, 0.2895, NaN, NaN, NaN, NaN, NaN, NaN
629, 21.1484, 21.1484, 21.1484, ramp_w, 18.67, 0.2827, 0.2901, NaN, NaN, NaN, NaN, NaN, NaN
630, 21.3295, 21.3295, 21.3295, ramp_w, 18.674, 0.2827, 0.2902, NaN, NaN, NaN, NaN, NaN, NaN
631, 21.5121, 21.5121, 21.5121, ramp_w, 18.674, 0.2827, 0.29, NaN, NaN, NaN, NaN, NaN, NaN
632, 21.6963, 21.6963, 21.6963, ramp_w, 19.389, 0.2826, 0.2904, NaN, NaN, NaN, NaN, NaN, NaN
633, 21.8821, 21.8821, 21.8821, ramp_w, 19.392, 0.2826, 0.2904, NaN, NaN, NaN, NaN, NaN, NaN
634, 22.0695, 22.0695, 22.0695, ramp_w, 19.524, 0.2829, 0.29, NaN, NaN, NaN, NaN, NaN, NaN
635, 22.2584, 22.2584, 22.2584, ramp_w, 19.525, 0.2829, 0.29, NaN, NaN, NaN, NaN, NaN, NaN
636, 22.449, 22.449, 22.449, ramp_w, 19.837, 0.2828, 0.29, NaN, NaN, NaN, NaN, NaN, NaN
637, 22.6412, 22.6412, 22.6412, ramp_w, 20.079, 0.2827, 0.2897, NaN, NaN, NaN, NaN, NaN, NaN
638, 22.8351, 22.8351, 22.8351, ramp_w, 20.238, 0.2829, 0.2895, NaN, NaN, NaN, NaN, NaN, NaN
639, 23.0306, 23.0306, 23.0306, ramp_w, 20.249, 0.2828, 0.2894, NaN, NaN, NaN, NaN, NaN, NaN
640, 23.2278, 23.2278, 23.2278, ramp_w, 20.245, 0.2828, 0.2894, NaN, NaN, NaN, NaN, NaN, NaN
641, 23.4267, 23.4267, 23.4267, ramp_w, 20.925, 0.2828, 0.2894, NaN, NaN, NaN, NaN, NaN, NaN
642, 23.6273, 23.6273, 23.6273, ramp_w, 20.916, 0.2827, 0.2895, NaN, NaN, NaN, NaN, NaN, NaN
643, 23.8296, 23.8296, 23.8296, ramp_w, 21.185, 0.2828, 0.2898, NaN, NaN, NaN, NaN, NaN, NaN
644, 24.0336, 24.0336, 24.0336, ramp_w, 21.208, 0.2829, 0.29, NaN, NaN, NaN, NaN, NaN, NaN
645, 24.2394, 24.2394, 24.2394, ramp_w, 21.46, 0.2826, 0.2901, NaN, NaN, NaN, NaN, NaN, NaN
646, 24.4469, 24.4469, 24.4469, ramp_w, 21.752, 0.2829, 0.29, NaN, NaN, NaN, NaN, NaN, NaN
647, 24.6562, 24.6562, 24.6562, ramp_w, 21.92, 0.2829, 0.2902, NaN, NaN, NaN, NaN, NaN, NaN
648, 24.8673, 24.8673, 24.8673, ramp_w, 22.052, 0.2826, 0.2899, NaN, NaN, NaN, NaN, NaN, NaN
649, 25.0803, 25.0803, 25.0803, ramp_w, 22.044, 0.2826, 0.2899, NaN, NaN, NaN, NaN, NaN, NaN
650, 25.295, 25.295, 25.295, ramp_w, 22.046, 0.2826, 0.2898, NaN, NaN, NaN, NaN, NaN, NaN
651, 25.5116, 25.5116, 25.5116, ramp_w, 22.826, 0.2823, 0.2896, NaN, NaN, NaN, NaN, NaN, NaN
652, 25.73, 25.73, 25.73, ramp_w, 23.312, 0.283, 0.2901, NaN, NaN, NaN, NaN, NaN, NaN
653, 25.9503, 25.9503, 25.9503, ramp_w, 23.317, 0.2831, 0.29, NaN, NaN, NaN, NaN, NaN, NaN
654, 26.1725, 26.1725, 26.1725, ramp_w, 23.655, 0.2822, 0.2899, NaN, NaN, NaN, NaN, NaN, NaN
655, 26.3966, 26.3966, 26.3966, ramp_w, 23.73, 0.2824, 0.289, NaN, NaN, NaN, NaN, NaN, NaN
656, 26.6226, 26.6226, 26.6226, ramp_w, 23.919, 0.2825, 0.2891, NaN, NaN, NaN, NaN, NaN, NaN
657, 26.8506, 26.8506, 26.8506, ramp_w, 23.915, 0.2824, 0.2893, NaN, NaN, NaN, NaN, NaN, NaN
658, 27.0805, 27.0805, 27.0805, ramp_w, 24.455, 0.2822, 0.2895, NaN, NaN, NaN, NaN, NaN, NaN
659, 27.3123, 27.3123, 27.3123, ramp_w, 24.456, 0.2822, 0.2894, NaN, NaN, NaN, NaN, NaN, NaN
660, 27.5462, 27.5462, 27.5462, ramp_w, 24.867, 0.2822, 0.2886, NaN, NaN, NaN, NaN, NaN, NaN
661, 27.782, 27.782, 27.782, ramp_w, 25.204, 0.2827, 0.2894, NaN, NaN, NaN, NaN, NaN, NaN
662, 28.0199, 28.0199, 28.0199, ramp_w, 25.208, 0.2827, 0.2895, NaN, NaN, NaN, NaN, NaN, NaN
663, 28.2598, 28.2598, 28.2598, ramp_w, 25.274, 0.2828, 0.2897, NaN, NaN, NaN, NaN, NaN, NaN
664, 28.5018, 28.5018, 28.5018, ramp_w, 25.517, 0.2821, 0.2896, NaN, NaN, NaN, NaN, NaN, NaN
665, 28.7458, 28.7458, 28.7458, ramp_w, 26.089, 0.2825, 0.2895, NaN, NaN, NaN, NaN, NaN, NaN
666, 28.9919, 28.9919, 28.9919, ramp_w, 26.31, 0.2823, 0.2895, NaN, NaN, NaN, NaN, NaN, NaN
667, 29.2402, 29.2402, 29.2402, ramp_w, 26.313, 0.2823, 0.2895, NaN, NaN, NaN, NaN, NaN, NaN
668, 29.4905, 29.4905, 29.4905, ramp_w, 26.314, 0.2823, 0.2895, NaN, NaN, NaN, NaN, NaN, NaN
669, 29.743, 29.743, 29.743, ramp_w, 27.057, 0.2823, 0.2896, NaN, NaN, NaN, NaN, NaN, NaN
670, 29.9977, 29.9977, 29.9977, ramp_w, 27.123, 0.2822, 0.2897, NaN, NaN, NaN, NaN, NaN, NaN
671, 30.2545, 30.2545, 30.2545, ramp_w, 27.207, 0.2828, 0.2894, NaN, NaN, NaN, NaN, NaN, NaN
672, 30.5136, 30.5136, 30.5136, ramp_w, 27.211, 0.2828, 0.2894, NaN, NaN, NaN, NaN, NaN, NaN
673, 30.7749, 30.7749, 30.7749, ramp_w, 27.848, 0.2824, 0.2892, NaN, NaN, NaN, NaN, NaN, NaN
674, 31.0384, 31.0384, 31.0384, ramp_w, 28.134, 0.2828, 0.2892, NaN, NaN, NaN, NaN, NaN, NaN
675, 31.3041, 31.3041, 31.3041, ramp_w, 28.559, 0.2827, 0.2893, NaN, NaN, NaN, NaN, NaN, NaN
676, 31.5721, 31.5721, 31.5721, ramp_w, 28.568, 0.2828, 0.2893, NaN, NaN, NaN, NaN, NaN, NaN
677, 31.8425, 31.8425, 31.8425, ramp_w, 28.57, 0.2827, 0.2893, NaN, NaN, NaN, NaN, NaN, NaN
678, 32.1151, 32.1151, 32.1151, ramp_w, 28.98, 0.283, 0.2894, NaN, NaN, NaN, NaN, NaN, NaN
679, 32.3901, 32.3901, 32.3901, ramp_w, 29.331, 0.283, 0.2894, NaN, NaN, NaN, NaN, NaN, NaN
680, 32.6674, 32.6674, 32.6674, ramp_w, 30.006, 0.2829, 0.2895, NaN, NaN, NaN, NaN, NaN, NaN
681, 32.9471, 32.9471, 32.9471, ramp_w, 29.992, 0.2829, 0.2894, NaN, NaN, NaN, NaN, NaN, NaN
682, 33.2292, 33.2292, 33.2292, ramp_w, 30.419, 0.283, 0.2898, NaN, NaN, NaN, NaN, NaN, NaN
683, 33.5137, 33.5137, 33.5137, ramp_w, 30.893, 0.2827, 0.2893, NaN, NaN, NaN, NaN, NaN, NaN
684, 33.8007, 33.8007, 33.8007, ramp_w, 31.336, 0.2826, 0.2896, NaN, NaN, NaN, NaN, NaN, NaN
685, 34.0901, 34.0901, 34.0901, ramp_w, 31.331, 0.2827, 0.2897, NaN, NaN, NaN, NaN, NaN, NaN
686, 34.382, 34.382, 34.382, ramp_w, 31.343, 0.2827, 0.2897, NaN, NaN, NaN, NaN, NaN, NaN
687, 34.6764, 34.6764, 34.6764, ramp_w, 31.676, 0.2828, 0.2893, NaN, NaN, NaN, NaN, NaN, NaN
688, 34.9733, 34.9733, 34.9733, ramp_w, 32.333, 0.2827, 0.2891, NaN, NaN, NaN, NaN, NaN, NaN
689, 35.2727, 35.2727, 35.2727, ramp_w, 32.814, 0.2824, 0.2892, NaN, NaN, NaN, NaN, NaN, NaN
690, 35.5747, 35.5747, 35.5747, ramp_w, 33.136, 0.2823, 0.2893, NaN, NaN, NaN, NaN, NaN, NaN
691, 35.8793, 35.8793, 35.8793, ramp_w, 33.153, 0.2823, 0.2893, NaN, NaN, NaN, NaN, NaN, NaN
692, 36.1865, 36.1865, 36.1865, ramp_w, 33.384, 0.2823, 0.2893, NaN, NaN, NaN, NaN, NaN, NaN
693, 36.4964, 36.4964, 36.4964, ramp_w, 33.573, 0.2823, 0.289, NaN, NaN, NaN, NaN, NaN, NaN
694, 36.8088, 36.8088, 36.8088, ramp_w, 33.568, 0.2823, 0.289, NaN, NaN, NaN, NaN, NaN, NaN
695, 37.124, 37.124, 37.124, ramp_w, 34.481, 0.2826, 0.2884, NaN, NaN, NaN, NaN, NaN, NaN
696, 37.4419, 37.4419, 37.4419, ramp_w, 34.827, 0.2824, 0.2888, NaN, NaN, NaN, NaN, NaN, NaN
697, 37.7625, 37.7625, 37.7625, ramp_w, 34.826, 0.2824, 0.2888, NaN, NaN, NaN, NaN, NaN, NaN
698, 38.0858, 38.0858, 38.0858, ramp_w, 35.159, 0.2828, 0.2893, NaN, NaN, NaN, NaN, NaN, NaN
699, 38.4119, 38.4119, 38.4119, ramp_w, 35.274, 0.2831, 0.2894, NaN, NaN, NaN, NaN, NaN, NaN
700, 38.7408, 38.7408, 38.7408, ramp_w, 35.521, 0.2824, 0.2889, NaN, NaN, NaN, NaN, NaN, NaN
701, 39.0725, 39.0725, 39.0725, ramp_w, 36.119, 0.2827, 0.2888, NaN, NaN, NaN, NaN, NaN, NaN
702, 39.407, 39.407, 39.407, ramp_w, 36.138, 0.2827, 0.2889, NaN, NaN, NaN, NaN, NaN, NaN
703, 39.7444, 39.7444, 39.7444, ramp_w, 36.129, 0.2827, 0.2889, NaN, NaN, NaN, NaN, NaN, NaN
704, 40.0847, 40.0847, 40.0847, ramp_w, 36.942, 0.2828, 0.2888, NaN, NaN, NaN, NaN, NaN, NaN
705, 40.4279, 40.4279, 40.4279, ramp_w, 37.151, 0.2825, 0.2889, NaN, NaN, NaN, NaN, NaN, NaN
706, 40.7741, 40.7741, 40.7741, ramp_w, 37.386, 0.2825, 0.289, NaN, NaN, NaN, NaN, NaN, NaN
707, 41.1232, 41.1232, 41.1232, ramp_w, 37.383, 0.2825, 0.289, NaN, NaN, NaN, NaN, NaN, NaN
708, 41.4753, 41.4753, 41.4753, ramp_w, 38, 0.2825, 0.2889, NaN, NaN, NaN, NaN, NaN, NaN
709, 41.8304, 41.8304, 41.8304, ramp_w, 38.621, 0.2827, 0.2893, NaN, NaN, NaN, NaN, NaN, NaN
710, 42.1886, 42.1886, 42.1886, ramp_w, 39.054, 0.2827, 0.2889, NaN, NaN, NaN, NaN, NaN, NaN
711, 42.5498, 42.5498, 42.5498, ramp_w, 39.051, 0.2827, 0.2888, NaN, NaN, NaN, NaN, NaN, NaN
712, 42.9141, 42.9141, 42.9141, ramp_w, 39.052, 0.2827, 0.2889, NaN, NaN, NaN, NaN, NaN, NaN
713, 43.2816, 43.2816, 43.2816, ramp_w, 39.618, 0.2827, 0.2896, NaN, NaN, NaN, NaN, NaN, NaN
714, 43.6521, 43.6521, 43.6521, ramp_w, 40.162, 0.2828, 0.2888, NaN, NaN, NaN, NaN, NaN, NaN
715, 44.0259, 44.0259, 44.0259, ramp_w, 40.656, 0.2828, 0.2887, NaN, NaN, NaN, NaN, NaN, NaN
716, 44.4029, 44.4029, 44.4029, ramp_w, 41.287, 0.2826, 0.2891, NaN, NaN, NaN, NaN, NaN, NaN
717, 44.783, 44.783, 44.783, ramp_w, 41.259, 0.2827, 0.2891, NaN, NaN, NaN, NaN, NaN, NaN
718, 45.1665, 45.1665, 45.1665, ramp_w, 41.633, 0.2827, 0.2887, NaN, NaN, NaN, NaN, NaN, NaN
719, 45.5532, 45.5532, 45.5532, ramp_w, 41.753, 0.2829, 0.2885, NaN, NaN, NaN, NaN, NaN, NaN
720, 45.9432, 45.9432, 45.9432, ramp_w, 41.758, 0.2828, 0.2884, NaN, NaN, NaN, NaN, NaN, NaN
721, 46.3366, 46.3366, 46.3366, ramp_w, 42.963, 0.2823, 0.2889, NaN, NaN, NaN, NaN, NaN, NaN
722, 46.7334, 46.7334, 46.7334, ramp_w, 43.573, 0.2826, 0.2892, NaN, NaN, NaN, NaN, NaN, NaN
723, 47.1335, 47.1335, 47.1335, ramp_w, 43.574, 0.2825, 0.2891, NaN, NaN, NaN, NaN, NaN, NaN
724, 47.5371, 47.5371, 47.5371, ramp_w, 44.066, 0.2824, 0.2888, NaN, NaN, NaN, NaN, NaN, NaN
725, 47.9441, 47.9441, 47.9441, ramp_w, 44.228, 0.2825, 0.289, NaN, NaN, NaN, NaN, NaN, NaN
726, 48.3546, 48.3546, 48.3546, ramp_w, 44.467, 0.2828, 0.2884, NaN, NaN, NaN, NaN, NaN, NaN
727, 48.7686, 48.7686, 48.7686, ramp_w, 45.404, 0.2827, 0.2889, NaN, NaN, NaN, NaN, NaN, NaN
728, 49.1862, 49.1862, 49.1862, ramp_w, 45.443, 0.2827, 0.289, NaN, NaN, NaN, NaN, NaN, NaN
729, 49.6073, 49.6073, 49.6073, ramp_w, 45.443, 0.2827, 0.289, NaN, NaN, NaN, NaN, NaN, NaN
730, 50.0321, 50.0321, 50.0321, ramp_w, 46.285, 0.2827, 0.2889, NaN, NaN, NaN, NaN, NaN, NaN
731, 50.4604, 50.4604, 50.4604, ramp_w, 46.667, 0.2829, 0.2886, NaN, NaN, NaN, NaN, NaN, NaN
732, 50.8925, 50.8925, 50.8925, ramp_w, 46.968, 0.2828, 0.2888, NaN, NaN, NaN, NaN, NaN, NaN
733, 51.3282, 51.3282, 51.3282, ramp_w, 47.824, 0.2828, 0.2886, NaN, NaN, NaN, NaN, NaN, NaN
734, 51.7677, 51.7677, 51.7677, ramp_w, 48.41, 0.2828, 0.2888, NaN, NaN, NaN, NaN, NaN, NaN
735, 52.211, 52.211, 52.211, ramp_w, 48.437, 0.2828, 0.2888, NaN, NaN, NaN, NaN, NaN, NaN
736, 52.658, 52.658, 52.658, ramp_w, 48.993, 0.2829, 0.2887, NaN, NaN, NaN, NaN, NaN, NaN
737, 53.1089, 53.1089, 53.1089, ramp_w, 48.986, 0.2829, 0.2888, NaN, NaN, NaN, NaN, NaN, NaN
738, 53.5636, 53.5636, 53.5636, ramp_w, 49.714, 0.2827, 0.2887, NaN, NaN, NaN, NaN, NaN, NaN
739, 54.0222, 54.0222, 54.0222, ramp_w, 50.741, 0.2827, 0.2888, NaN, NaN, NaN, NaN, NaN, NaN
740, 54.4848, 54.4848, 54.4848, ramp_w, 51.231, 0.283, 0.2888, NaN, NaN, NaN, NaN, NaN, NaN
741, 54.9513, 54.9513, 54.9513, ramp_w, 51.227, 0.283, 0.2888, NaN, NaN, NaN, NaN, NaN, NaN
742, 55.4218, 55.4218, 55.4218, ramp_w, 51.653, 0.2828, 0.2887, NaN, NaN, NaN, NaN, NaN, NaN
743, 55.8963, 55.8963, 55.8963, ramp_w, 52.095, 0.283, 0.289, NaN, NaN, NaN, NaN, NaN, NaN
744, 56.3749, 56.3749, 56.3749, ramp_w, 52.55, 0.283, 0.2889, NaN, NaN, NaN, NaN, NaN, NaN
745, 56.8576, 56.8576, 56.8576, ramp_w, 52.573, 0.283, 0.2889, NaN, NaN, NaN, NaN, NaN, NaN
746, 57.3444, 57.3444, 57.3444, ramp_w, 54.073, 0.2824, 0.2881, NaN, NaN, NaN, NaN, NaN, NaN
747, 57.8354, 57.8354, 57.8354, ramp_w, 54.08, 0.2824, 0.2882, NaN, NaN, NaN, NaN, NaN, NaN
748, 58.3306, 58.3306, 58.3306, ramp_w, 54.751, 0.2828, 0.2888, NaN, NaN, NaN, NaN, NaN, NaN
749, 58.83, 58.83, 58.83, ramp_w, 54.969, 0.2827, 0.2888, NaN, NaN, NaN, NaN, NaN, NaN
750, 59.3338, 59.3338, 59.3338, ramp_w, 55.548, 0.2827, 0.2886, NaN, NaN, NaN, NaN, NaN, NaN
751, 59.8418, 59.8418, 59.8418, ramp_w, 56.446, 0.2827, 0.2883, NaN, NaN, NaN, NaN, NaN, NaN
752, 60.3542, 60.3542, 60.3542, ramp_w, 57.084, 0.2827, 0.2883, NaN, NaN, NaN, NaN, NaN, NaN
753, 60.8709, 60.8709, 60.8709, ramp_w, 57.064, 0.2827, 0.2883, NaN, NaN, NaN, NaN, NaN, NaN
754, 61.3921, 61.3921, 61.3921, ramp_w, 57.081, 0.2827, 0.2883, NaN, NaN, NaN, NaN, NaN, NaN
755, 61.9178, 61.9178, 61.9178, ramp_w, 57.811, 0.2827, 0.2881, NaN, NaN, NaN, NaN, NaN, NaN
756, 62.4479, 62.4479, 62.4479, ramp_w, 58.794, 0.2829, 0.2886, NaN, NaN, NaN, NaN, NaN, NaN
757, 62.9826, 62.9826, 62.9826, ramp_w, 59.654, 0.2826, 0.2883, NaN, NaN, NaN, NaN, NaN, NaN
758, 63.5219, 63.5219, 63.5219, ramp_w, 60.159, 0.2828, 0.2887, NaN, NaN, NaN, NaN, NaN, NaN
759, 64.0657, 64.0657, 64.0657, ramp_w, 60.776, 0.2825, 0.2881, NaN, NaN, NaN, NaN, NaN, NaN
760, 64.6143, 64.6143, 64.6143, ramp_w, 60.796, 0.2826, 0.2882, NaN, NaN, NaN, NaN, NaN, NaN
761, 65.1675, 65.1675, 65.1675, ramp_w, 60.961, 0.2823, 0.2878, NaN, NaN, NaN, NaN, NaN, NaN
762, 65.7255, 65.7255, 65.7255, ramp_w, 60.991, 0.2823, 0.2878, NaN, NaN, NaN, NaN, NaN, NaN
763, 66.2883, 66.2883, 66.2883, ramp_w, 62.778, 0.2827, 0.2883, NaN, NaN, NaN, NaN, NaN, NaN
764, 66.8558, 66.8558, 66.8558, ramp_w, 63.406, 0.2827, 0.2879, NaN, NaN, NaN, NaN, NaN, NaN
765, 67.4283, 67.4283, 67.4283, ramp_w, 63.711, 0.2827, 0.2879, NaN, NaN, NaN, NaN, NaN, NaN
766, 68.0056, 68.0056, 68.0056, ramp_w, 64.728, 0.2826, 0.2881, NaN, NaN, NaN, NaN, NaN, NaN
767, 68.5879, 68.5879, 68.5879, ramp_w, 64.731, 0.2828, 0.288, NaN, NaN, NaN, NaN, NaN, NaN
768, 69.1751, 69.1751, 69.1751, ramp_w, 65.825, 0.2826, 0.2882, NaN, NaN, NaN, NaN, NaN, NaN
769, 69.7674, 69.7674, 69.7674, ramp_w, 66.418, 0.2826, 0.2879, NaN, NaN, NaN, NaN, NaN, NaN
770, 70.3648, 70.3648, 70.3648, ramp_w, 66.397, 0.2826, 0.2878, NaN, NaN, NaN, NaN, NaN, NaN
771, 70.9672, 70.9672, 70.9672, ramp_w, 67.649, 0.2826, 0.2882, NaN, NaN, NaN, NaN, NaN, NaN
772, 71.5749, 71.5749, 71.5749, ramp_w, 68.828, 0.2823, 0.2883, NaN, NaN, NaN, NaN, NaN, NaN
773, 72.1877, 72.1877, 72.1877, ramp_w, 69.34, 0.2826, 0.2881, NaN, NaN, NaN, NaN, NaN, NaN
774, 72.8058, 72.8058, 72.8058, ramp_w, 69.354, 0.2825, 0.2881, NaN, NaN, NaN, NaN, NaN, NaN
775, 73.4292, 73.4292, 73.4292, ramp_w, 70.094, 0.2824, 0.2881, NaN, NaN, NaN, NaN, NaN, NaN
776, 74.0579, 74.0579, 74.0579, ramp_w, 70.349, 0.2824, 0.2881, NaN, NaN, NaN, NaN, NaN, NaN
777, 74.692, 74.692, 74.692, ramp_w, 71.31, 0.2824, 0.2876, NaN, NaN, NaN, NaN, NaN, NaN
778, 75.3315, 75.3315, 75.3315, ramp_w, 71.286, 0.2824, 0.2875, NaN, NaN, NaN, NaN, NaN, NaN
779, 75.9765, 75.9765, 75.9765, ramp_w, 72.691, 0.2826, 0.2879, NaN, NaN, NaN, NaN, NaN, NaN
780, 76.627, 76.627, 76.627, ramp_w, 72.673, 0.2826, 0.2879, NaN, NaN, NaN, NaN, NaN, NaN
781, 77.2831, 77.2831, 77.2831, ramp_w, 73.07, 0.2827, 0.2881, NaN, NaN, NaN, NaN, NaN, NaN
782, 77.9448, 77.9448, 77.9448, ramp_w, 74.209, 0.2827, 0.2882, NaN, NaN, NaN, NaN, NaN, NaN
783, 78.6122, 78.6122, 78.6122, ramp_w, 75.025, 0.2829, 0.2886, NaN, NaN, NaN, NaN, NaN, NaN
784, 79.2853, 79.2853, 79.2853, ramp_w, 75.839, 0.2827, 0.2881, NaN, NaN, NaN, NaN, NaN, NaN
785, 79.9642, 79.9642, 79.9642, ramp_w, 76.228, 0.2828, 0.2881, NaN, NaN, NaN, NaN, NaN, NaN
786, 80.6488, 80.6488, 80.6488, ramp_w, 76.264, 0.2828, 0.288, NaN, NaN, NaN, NaN, NaN, NaN
787, 81.3394, 81.3394, 81.3394, ramp_w, 78.162, 0.2827, 0.2883, NaN, NaN, NaN, NaN, NaN, NaN
788, 82.0358, 82.0358, 82.0358, ramp_w, 78.184, 0.2826, 0.2883, NaN, NaN, NaN, NaN, NaN, NaN
789, 82.7382, 82.7382, 82.7382, ramp_w, 79.056, 0.2828, 0.2881, NaN, NaN, NaN, NaN, NaN, NaN
790, 83.4466, 83.4466, 83.4466, ramp_w, 79.936, 0.2827, 0.2883, NaN, NaN, NaN, NaN, NaN, NaN
791, 84.1611, 84.1611, 84.1611, ramp_w, 80.796, 0.2828, 0.2881, NaN, NaN, NaN, NaN, NaN, NaN
792, 84.8817, 84.8817, 84.8817, ramp_w, 81.675, 0.2829, 0.2883, NaN, NaN, NaN, NaN, NaN, NaN
793, 85.6085, 85.6085, 85.6085, ramp_w, 82.461, 0.2827, 0.2879, NaN, NaN, NaN, NaN, NaN, NaN
794, 86.3415, 86.3415, 86.3415, ramp_w, 82.408, 0.2827, 0.2879, NaN, NaN, NaN, NaN, NaN, NaN
795, 87.0807, 87.0807, 87.0807, ramp_w, 82.436, 0.2827, 0.2879, NaN, NaN, NaN, NaN, NaN, NaN
796, 87.8263, 87.8263, 87.8263, ramp_w, 83.887, 0.2828, 0.2884, NaN, NaN, NaN, NaN, NaN, NaN
797, 88.5783, 88.5783, 88.5783, ramp_w, 85, 0.2827, 0.2882, NaN, NaN, NaN, NaN, NaN, NaN
798, 89.3367, 89.3367, 89.3367, ramp_w, 86.079, 0.2828, 0.2886, NaN, NaN, NaN, NaN, NaN, NaN
799, 90.1017, 90.1017, 90.1017, ramp_w, 86.41, 0.2828, 0.2881, NaN, NaN, NaN, NaN, NaN, NaN
800, 90.8731, 90.8731, 90.8731, ramp_w, 87.455, 0.2827, 0.288, NaN, NaN, NaN, NaN, NaN, NaN
801, 91.6512, 91.6512, 91.6512, ramp_w, 88.535, 0.2829, 0.2883, NaN, NaN, NaN, NaN, NaN, NaN
802, 92.4359, 92.4359, 92.4359, ramp_w, 88.57, 0.2829, 0.2883, NaN, NaN, NaN, NaN, NaN, NaN
803, 93.2274, 93.2274, 93.2274, ramp_w, 89.799, 0.2832, 0.2885, NaN, NaN, NaN, NaN, NaN, NaN
804, 94.0256, 94.0256, 94.0256, ramp_w, 90.809, 0.2831, 0.2884, NaN, NaN, NaN, NaN, NaN, NaN
805, 94.8307, 94.8307, 94.8307, ramp_w, 90.868, 0.2831, 0.2884, NaN, NaN, NaN, NaN, NaN, NaN
806, 95.6426, 95.6426, 95.6426, ramp_w, 92.234, 0.2831, 0.2881, NaN, NaN, NaN, NaN, NaN, NaN
807, 96.4615, 96.4615, 96.4615, ramp_w, 93.303, 0.2832, 0.2885, NaN, NaN, NaN, NaN, NaN, NaN
808, 97.2875, 97.2875, 97.2875, ramp_w, 93.573, 0.2833, 0.2883, NaN, NaN, NaN, NaN, NaN, NaN
809, 98.1204, 98.1204, 98.1204, ramp_w, 95.22, 0.283, 0.2883, NaN, NaN, NaN, NaN, NaN, NaN
810, 98.9606, 98.9606, 98.9606, ramp_w, 95.248, 0.283, 0.2883, NaN, NaN, NaN, NaN, NaN, NaN
811, 99.8079, 99.8079, 99.8079, ramp_w, 97.483, 0.283, 0.2883, NaN, NaN, NaN, NaN, NaN, NaN
812, 100.662, 100.662, 100.662, ramp_w, 97.502, 0.283, 0.2883, NaN, NaN, NaN, NaN, NaN, NaN
813, 101.524, 101.524, 101.524, ramp_w, 98.115, 0.2831, 0.2885, NaN, NaN, NaN, NaN, NaN, NaN
814, 102.394, 102.394, 102.394, ramp_w, 99.631, 0.2831, 0.2883, NaN, NaN, NaN, NaN, NaN, NaN
815, 103.27, 103.27, 103.27, ramp_w, 100.698, 0.2827, 0.2881, NaN, NaN, NaN, NaN, NaN, NaN
816, 104.155, 104.155, 104.155, ramp_w, 101.795, 0.2826, 0.2879, NaN, NaN, NaN, NaN, NaN, NaN
817, 105.046, 105.046, 105.046, ramp_w, 102.226, 0.2827, 0.288, NaN, NaN, NaN, NaN, NaN, NaN
818, 105.946, 105.946, 105.946, ramp_w, 102.229, 0.2827, 0.288, NaN, NaN, NaN, NaN, NaN, NaN
819, 106.853, 106.853, 106.853, ramp_w, 104.752, 0.2826, 0.2878, NaN, NaN, NaN, NaN, NaN, NaN
820, 107.768, 107.768, 107.768, ramp_w, 105.832, 0.2827, 0.2879, NaN, NaN, NaN, NaN, NaN, NaN
821, 108.691, 108.691, 108.691, ramp_w, 105.834, 0.2827, 0.288, NaN, NaN, NaN, NaN, NaN, NaN
822, 109.621, 109.621, 109.621, ramp_w, 106.291, 0.2825, 0.2877, NaN, NaN, NaN, NaN, NaN, NaN
823, 110.56, 110.56, 110.56, ramp_w, 107.801, 0.2828, 0.2879, NaN, NaN, NaN, NaN, NaN, NaN
824, 111.506, 111.506, 111.506, ramp_w, 108.933, 0.2828, 0.288, NaN, NaN, NaN, NaN, NaN, NaN
825, 112.461, 112.461, 112.461, ramp_w, 108.926, 0.2828, 0.2879, NaN, NaN, NaN, NaN, NaN, NaN
826, 113.424, 113.424, 113.424, ramp_w, 109.501, 0.2827, 0.2878, NaN, NaN, NaN, NaN, NaN, NaN
827, 114.395, 114.395, 114.395, ramp_w, 112.33, 0.2828, 0.2881, NaN, NaN, NaN, NaN, NaN, NaN
828, 115.375, 115.375, 115.375, ramp_w, 113.529, 0.2828, 0.288, NaN, NaN, NaN, NaN, NaN, NaN
829, 116.362, 116.362, 116.362, ramp_w, 113.519, 0.2828, 0.288, NaN, NaN, NaN, NaN, NaN, NaN
830, 117.359, 117.359, 117.359, ramp_w, 114.066, 0.2828, 0.288, NaN, NaN, NaN, NaN, NaN, NaN
831, 118.364, 118.364, 118.364, ramp_w, 115.889, 0.2827, 0.2877, NaN, NaN, NaN, NaN, NaN, NaN
832, 119.377, 119.377, 119.377, ramp_w, 117.139, 0.2828, 0.2879, NaN, NaN, NaN, NaN, NaN, NaN
833, 120.399, 120.399, 120.399, ramp_w, 117.156, 0.2828, 0.2879, NaN, NaN, NaN, NaN, NaN, NaN
834, 121.43, 121.43, 121.43, ramp_w, 118.217, 0.2828, 0.2877, NaN, NaN, NaN, NaN, NaN, NaN
835, 122.47, 122.47, 122.47, ramp_w, 120.768, 0.2826, 0.2878, NaN, NaN, NaN, NaN, NaN, NaN
836, 123.518, 123.518, 123.518, ramp_w, 121.756, 0.2825, 0.2876, NaN, NaN, NaN, NaN, NaN, NaN
837, 124.576, 124.576, 124.576, ramp_w, 122.619, 0.2825, 0.2877, NaN, NaN, NaN, NaN, NaN, NaN
838, 125.643, 125.643, 125.643, ramp_w, 122.675, 0.2825, 0.2877, NaN, NaN, NaN, NaN, NaN, NaN
839, 126.718, 126.718, 126.718, ramp_w, 124.229, 0.2825, 0.2872, NaN, NaN, NaN, NaN, NaN, NaN
840, 127.803, 127.803, 127.803, ramp_w, 125.549, 0.2824, 0.2874, NaN, NaN, NaN, NaN, NaN, NaN
841, 128.898, 128.898, 128.898, ramp_w, 125.555, 0.2824, 0.2874, NaN, NaN, NaN, NaN, NaN, NaN
842, 130.001, 130.001, 130.001, ramp_w, 126.575, 0.2825, 0.2871, NaN, NaN, NaN, NaN, NaN, NaN
843, 131.114, 131.114, 131.114, ramp_w, 129.276, 0.2824, 0.2874, NaN, NaN, NaN, NaN, NaN, NaN
844, 132.237, 132.237, 132.237, ramp_w, 130.413, 0.2827, 0.2874, NaN, NaN, NaN, NaN, NaN, NaN
845, 133.369, 133.369, 133.369, ramp_w, 131.348, 0.2824, 0.2873, NaN, NaN, NaN, NaN, NaN, NaN
846, 134.511, 134.511, 134.511, ramp_w, 133.141, 0.2826, 0.2871, NaN, NaN, NaN, NaN, NaN, NaN
847, 135.663, 135.663, 135.663, ramp_w, 133.14, 0.2826, 0.2871, NaN, NaN, NaN, NaN, NaN, NaN
848, 136.824, 136.824, 136.824, ramp_w, 134.456, 0.2829, 0.2872, NaN, NaN, NaN, NaN, NaN, NaN
849, 137.996, 137.996, 137.996, ramp_w, 134.359, 0.2829, 0.2872, NaN, NaN, NaN, NaN, NaN, NaN
850, 139.178, 139.178, 139.178, ramp_w, 136.823, 0.2829, 0.2874, NaN, NaN, NaN, NaN, NaN, NaN
851, 140.369, 140.369, 140.369, ramp_w, 139.169, 0.283, 0.2876, NaN, NaN, NaN, NaN, NaN, NaN
852, 141.571, 141.571, 141.571, ramp_w, 140.797, 0.2829, 0.2878, NaN, NaN, NaN, NaN, NaN, NaN
853, 142.783, 142.783, 142.783, ramp_w, 141.569, 0.2827, 0.2876, NaN, NaN, NaN, NaN, NaN, NaN
854, 144.006, 144.006, 144.006, ramp_w, 143.899, 0.2827, 0.2877, NaN, NaN, NaN, NaN, NaN, NaN
855, 145.239, 145.239, 145.239, ramp_w, 145.523, 0.2828, 0.2879, NaN, NaN, NaN, NaN, NaN, NaN
856, 146.482, 146.482, 146.482, ramp_w, 145.611, 0.2828, 0.2879, NaN, NaN, NaN, NaN, NaN, NaN
857, 147.737, 147.737, 147.737, ramp_w, 145.621, 0.2828, 0.2879, NaN, NaN, NaN, NaN, NaN, NaN
858, 149.001, 149.001, 149.001, ramp_w, 148.251, 0.2828, 0.2875, NaN, NaN, NaN, NaN, NaN, NaN
859, 150.277, 150.277, 150.277, ramp_w, 150.146, 0.2829, 0.2877, NaN, NaN, NaN, NaN, NaN, NaN
860, 151.564, 151.564, 151.564, ramp_w, 151.776, 0.283, 0.2879, NaN, NaN, NaN, NaN, NaN, NaN
861, 152.862, 152.862, 152.862, ramp_w, 152.641, 0.283, 0.2881, NaN, NaN, NaN, NaN, NaN, NaN
862, 154.17, 154.17, 154.17, ramp_w, 155.069, 0.283, 0.2879, NaN, NaN, NaN, NaN, NaN, NaN
863, 155.49, 155.49, 155.49, ramp_w, 156.943, 0.2831, 0.288, NaN, NaN, NaN, NaN, NaN, NaN
864, 156.822, 156.822, 156.822, ramp_w, 157.007, 0.2831, 0.288, NaN, NaN, NaN, NaN, NaN, NaN
865, 158.165, 158.165, 158.165, ramp_w, 160.297, 0.2831, 0.288, NaN, NaN, NaN, NaN, NaN, NaN
866, 159.519, 159.519, 159.519, ramp_w, 160.252, 0.2831, 0.288, NaN, NaN, NaN, NaN, NaN, NaN
867, 160.885, 160.885, 160.885, ramp_w, 161.836, 0.2831, 0.288, NaN, NaN, NaN, NaN, NaN, NaN
868, 162.262, 162.262, 162.262, ramp_w, 162.714, 0.2831, 0.288, NaN, NaN, NaN, NaN, NaN, NaN
869, 163.651, 163.651, 163.651, ramp_w, 164.994, 0.283, 0.2882, NaN, NaN, NaN, NaN, NaN, NaN
870, 165.053, 165.053, 165.053, ramp_w, 166.558, 0.2829, 0.2881, NaN, NaN, NaN, NaN, NaN, NaN
871, 166.466, 166.466, 166.466, ramp_w, 167.604, 0.283, 0.2882, NaN, NaN, NaN, NaN, NaN, NaN
872, 167.891, 167.891, 167.891, ramp_w, 167.707, 0.283, 0.2882, NaN, NaN, NaN, NaN, NaN, NaN
873, 169.329, 169.329, 169.329, ramp_w, 172.219, 0.2831, 0.2879, NaN, NaN, NaN, NaN, NaN, NaN
874, 170.779, 170.779, 170.779, ramp_w, 173.663, 0.2832, 0.2881, NaN, NaN, NaN, NaN, NaN, NaN
875, 172.241, 172.241, 172.241, ramp_w, 175.926, 0.2833, 0.2883, NaN, NaN, NaN, NaN, NaN, NaN
876, 173.716, 173.716, 173.716, ramp_w, 175.943, 0.2833, 0.2883, NaN, NaN, NaN, NaN, NaN, NaN
877, 175.203, 175.203, 175.203, ramp_w, 177.646, 0.2834, 0.2885, NaN, NaN, NaN, NaN, NaN, NaN
878, 176.703, 176.703, 176.703, ramp_w, 178.62, 0.2833, 0.2881, NaN, NaN, NaN, NaN, NaN, NaN
879, 178.216, 178.216, 178.216, ramp_w, 181.425, 0.2833, 0.2882, NaN, NaN, NaN, NaN, NaN, NaN
880, 179.742, 179.742, 179.742, ramp_w, 181.448, 0.2833, 0.2882, NaN, NaN, NaN, NaN, NaN, NaN
881, 181.281, 181.281, 181.281, ramp_w, 184.375, 0.2834, 0.2885, NaN, NaN, NaN, NaN, NaN, NaN
882, 182.833, 182.833, 182.833, ramp_w, 186.994, 0.2833, 0.2885, NaN, NaN, NaN, NaN, NaN, NaN
883, 184.398, 184.398, 184.398, ramp_w, 188.906, 0.2834, 0.2885, NaN, NaN, NaN, NaN, NaN, NaN
884, 185.977, 185.977, 185.977, ramp_w, 189.823, 0.2833, 0.2883, NaN, NaN, NaN, NaN, NaN, NaN
885, 187.57, 187.57, 187.57, ramp_w, 192.447, 0.2833, 0.2883, NaN, NaN, NaN, NaN, NaN, NaN
886, 189.176, 189.176, 189.176, ramp_w, 194.544, 0.2834, 0.2885, NaN, NaN, NaN, NaN, NaN, NaN
887, 190.795, 190.795, 190.795, ramp_w, 194.585, 0.2834, 0.2885, NaN, NaN, NaN, NaN, NaN, NaN
888, 192.429, 192.429, 192.429, ramp_w, 194.633, 0.2834, 0.2885, NaN, NaN, NaN, NaN, NaN, NaN
889, 194.077, 194.077, 194.077, ramp_w, 198.063, 0.2835, 0.2883, NaN, NaN, NaN, NaN, NaN, NaN
890, 195.738, 195.738, 195.738, ramp_w, 199.895, 0.2834, 0.2883, NaN, NaN, NaN, NaN, NaN, NaN
891, 197.414, 197.414, 197.414, ramp_w, 201.14, 0.2834, 0.2882, NaN, NaN, NaN, NaN, NaN, NaN
892, 199.105, 199.105, 199.105, ramp_w, 203.948, 0.2835, 0.2886, NaN, NaN, NaN, NaN, NaN, NaN
893, 200.809, 200.809, 200.809, ramp_w, 206.125, 0.2835, 0.2886, NaN, NaN, NaN, NaN, NaN, NaN
894, 202.529, 202.529, 202.529, ramp_w, 207.442, 0.2836, 0.2887, NaN, NaN, NaN, NaN, NaN, NaN
895, 204.263, 204.263, 204.263, ramp_w, 207.544, 0.2836, 0.2887, NaN, NaN, NaN, NaN, NaN, NaN
896, 206.012, 206.012, 206.012, ramp_w, 212.403, 0.2834, 0.2883, NaN, NaN, NaN, NaN, NaN, NaN
897, 207.776, 207.776, 207.776, ramp_w, 213.465, 0.2833, 0.2883, NaN, NaN, NaN, NaN, NaN, NaN
898, 209.555, 209.555, 209.555, ramp_w, 216.265, 0.2833, 0.2884, NaN, NaN, NaN, NaN, NaN, NaN
899, 211.349, 211.349, 211.349, ramp_w, 216.294, 0.2833, 0.2884, NaN, NaN, NaN, NaN, NaN, NaN
900, 213.159, 213.159, 213.159, ramp_w, 218.57, 0.2832, 0.2884, NaN, NaN, NaN, NaN, NaN, NaN
901, 214.984, 214.984, 214.984, ramp_w, 219.809, 0.2832, 0.2882, NaN, NaN, NaN, NaN, NaN, NaN
902, 216.824, 216.824, 216.824, ramp_w, 222.891, 0.2832, 0.2884, NaN, NaN, NaN, NaN, NaN, NaN
903, 218.681, 218.681, 218.681, ramp_w, 222.996, 0.2832, 0.2884, NaN, NaN, NaN, NaN, NaN, NaN
904, 220.553, 220.553, 220.553, ramp_w, 226.807, 0.2833, 0.2881, NaN, NaN, NaN, NaN, NaN, NaN
905, 222.442, 222.442, 222.442, ramp_w, 229.396, 0.2832, 0.2881, NaN, NaN, NaN, NaN, NaN, NaN
906, 224.346, 224.346, 224.346, ramp_w, 231.671, 0.2833, 0.2882, NaN, NaN, NaN, NaN, NaN, NaN
907, 226.267, 226.267, 226.267, ramp_w, 233.689, 0.2834, 0.2884, NaN, NaN, NaN, NaN, NaN, NaN
908, 228.204, 228.204, 228.204, ramp_w, 236.205, 0.2834, 0.2883, NaN, NaN, NaN, NaN, NaN, NaN
909, 230.158, 230.158, 230.158, ramp_w, 238.162, 0.2834, 0.2883, NaN, NaN, NaN, NaN, NaN, NaN
910, 232.129, 232.129, 232.129, ramp_w, 238.239, 0.2834, 0.2884, NaN, NaN, NaN, NaN, NaN, NaN
911, 234.117, 234.117, 234.117, ramp_w, 238.364, 0.2834, 0.2884, NaN, NaN, NaN, NaN, NaN, NaN
912, 236.121, 236.121, 236.121, ramp_w, 242.863, 0.2832, 0.2882, NaN, NaN, NaN, NaN, NaN, NaN
913, 238.143, 238.143, 238.143, ramp_w, 243.942, 0.2831, 0.2881, NaN, NaN, NaN, NaN, NaN, NaN
914, 240.182, 240.182, 240.182, ramp_w, 246.207, 0.2832, 0.2881, NaN, NaN, NaN, NaN, NaN, NaN
915, 242.238, 242.238, 242.238, ramp_w, 248.323, 0.2832, 0.2881, NaN, NaN, NaN, NaN, NaN, NaN
916, 244.312, 244.312, 244.312, ramp_w, 249.827, 0.2832, 0.2882, NaN, NaN, NaN, NaN, NaN, NaN
917, 246.404, 246.404, 246.404, ramp_w, 252.454, 0.2833, 0.2881, NaN, NaN, NaN, NaN, NaN, NaN
918, 248.514, 248.514, 248.514, ramp_w, 252.495, 0.2833, 0.2881, NaN, NaN, NaN, NaN, NaN, NaN
919, 250.642, 250.642, 250.642, ramp_w, 257.046, 0.2833, 0.288, NaN, NaN, NaN, NaN, NaN, NaN
920, 252.788, 252.788, 252.788, ramp_w, 259.609, 0.2834, 0.2882, NaN, NaN, NaN, NaN, NaN, NaN
921, 254.952, 254.952, 254.952, ramp_w, 261.547, 0.2836, 0.2883, NaN, NaN, NaN, NaN, NaN, NaN
922, 257.135, 257.135, 257.135, ramp_w, 264.283, 0.2835, 0.2883, NaN, NaN, NaN, NaN, NaN, NaN
923, 259.337, 259.337, 259.337, ramp_w, 264.341, 0.2835, 0.2883, NaN, NaN, NaN, NaN, NaN, NaN
924, 261.557, 261.557, 261.557, ramp_w, 266.94, 0.2836, 0.2885, NaN, NaN, NaN, NaN, NaN, NaN
925, 263.797, 263.797, 263.797, ramp_w, 268.702, 0.2835, 0.2882, NaN, NaN, NaN, NaN, NaN, NaN
926, 266.055, 266.055, 266.055, ramp_w, 268.863, 0.2834, 0.2882, NaN, NaN, NaN, NaN, NaN, NaN
927, 268.334, 268.334, 268.334, ramp_w, 274.084, 0.2833, 0.2883, NaN, NaN, NaN, NaN, NaN, NaN
928, 270.631, 270.631, 270.631, ramp_w, 276.078, 0.2833, 0.2882, NaN, NaN, NaN, NaN, NaN, NaN
929, 272.948, 272.948, 272.948, ramp_w, 278.024, 0.2832, 0.2881, NaN, NaN, NaN, NaN, NaN, NaN
930, 275.285, 275.285, 275.285, ramp_w, 280.051, 0.2832, 0.2881, NaN, NaN, NaN, NaN, NaN, NaN
931, 277.642, 277.642, 277.642, ramp_w, 281.12, 0.2832, 0.2881, NaN, NaN, NaN, NaN, NaN, NaN
932, 280.019, 280.019, 280.019, ramp_w, 283.926, 0.2832, 0.2881, NaN, NaN, NaN, NaN, NaN, NaN
933, 282.417, 282.417, 282.417, ramp_w, 283.987, 0.2832, 0.2881, NaN, NaN, NaN, NaN, NaN, NaN
934, 284.835, 284.835, 284.835, ramp_w, 287.641, 0.2833, 0.2881, NaN, NaN, NaN, NaN, NaN, NaN
935, 287.274, 287.274, 287.274, ramp_w, 289.757, 0.2832, 0.288, NaN, NaN, NaN, NaN, NaN, NaN
936, 289.734, 289.734, 289.734, ramp_w, 289.879, 0.2832, 0.288, NaN, NaN, NaN, NaN, NaN, NaN
937, 292.214, 292.214, 292.214, ramp_w, 291.91, 0.2833, 0.2881, NaN, NaN, NaN, NaN, NaN, NaN
938, 294.716, 294.716, 294.716, ramp_w, 293.882, 0.2832, 0.288, NaN, NaN, NaN, NaN, NaN, NaN
939, 297.24, 297.24, 297.24, ramp_w, 295.948, 0.2832, 0.2879, NaN, NaN, NaN, NaN, NaN, NaN
940, 299.785, 299.785, 299.785, ramp_w, 298.174, 0.2833, 0.2882, NaN, NaN, NaN, NaN, NaN, NaN
941, 302.352, 302.352, 302.352, ramp_w, 298.258, 0.2833, 0.2882, NaN, NaN, NaN, NaN, NaN, NaN
942, 304.94, 304.94, 304.94, ramp_w, 301.711, 0.2832, 0.2881, NaN, NaN, NaN, NaN, NaN, NaN
943, 307.551, 307.551, 307.551, ramp_w, 304.224, 0.2832, 0.2881, NaN, NaN, NaN, NaN, NaN, NaN
944, 310.185, 310.185, 310.185, ramp_w, 306.321, 0.2831, 0.288, NaN, NaN, NaN, NaN, NaN, NaN
945, 312.841, 312.841, 312.841, ramp_w, 307.673, 0.283, 0.2878, NaN, NaN, NaN, NaN, NaN, NaN
946, 315.519, 315.519, 315.519, ramp_w, 310.802, 0.283, 0.2878, NaN, NaN, NaN, NaN, NaN, NaN
947, 318.221, 318.221, 318.221, ramp_w, 313.157, 0.2832, 0.288, NaN, NaN, NaN, NaN, NaN, NaN
948, 320.945, 320.945, 320.945, ramp_w, 313.306, 0.2831, 0.288, NaN, NaN, NaN, NaN, NaN, NaN
949, 323.693, 323.693, 323.693, ramp_w, 313.42, 0.2831, 0.288, NaN, NaN, NaN, NaN, NaN, NaN
950, 326.465, 326.465, 326.465, ramp_w, 317.34, 0.283, 0.2877, NaN, NaN, NaN, NaN, NaN, NaN
951, 329.26, 329.26, 329.26, ramp_w, 319.671, 0.283, 0.2878, NaN, NaN, NaN, NaN, NaN, NaN
952, 332.079, 332.079, 332.079, ramp_w, 320.862, 0.283, 0.2876, NaN, NaN, NaN, NaN, NaN, NaN
953, 334.923, 334.923, 334.923, ramp_w, 324.185, 0.2832, 0.288, NaN, NaN, NaN, NaN, NaN, NaN
954, 337.79, 337.79, 337.79, ramp_w, 326.675, 0.2831, 0.288, NaN, NaN, NaN, NaN, NaN, NaN
955, 340.682, 340.682, 340.682, ramp_w, 328.286, 0.2832, 0.2879, NaN, NaN, NaN, NaN, NaN, NaN
956, 343.599, 343.599, 343.599, ramp_w, 328.373, 0.2832, 0.2879, NaN, NaN, NaN, NaN, NaN, NaN
957, 346.541, 346.541, 346.541, ramp_w, 332.396, 0.2831, 0.2879, NaN, NaN, NaN, NaN, NaN, NaN
958, 349.509, 349.509, 349.509, ramp_w, 333.5, 0.2832, 0.2878, NaN, NaN, NaN, NaN, NaN, NaN
959, 352.501, 352.501, 352.501, ramp_w, 335.215, 0.2831, 0.2877, NaN, NaN, NaN, NaN, NaN, NaN
960, 355.519, 355.519, 355.519, ramp_w, 335.882, 0.2832, 0.2878, NaN, NaN, NaN, NaN, NaN, NaN
961, 358.563, 358.563, 358.563, ramp_w, 339.178, 0.2832, 0.288, NaN, NaN, NaN, NaN, NaN, NaN
962, 361.633, 361.633, 361.633, ramp_w, 339.886, 0.2831, 0.2879, NaN, NaN, NaN, NaN, NaN, NaN
963, 364.73, 364.73, 364.73, ramp_w, 339.967, 0.2831, 0.2878, NaN, NaN, NaN, NaN, NaN, NaN
964, 367.853, 367.853, 367.853, ramp_w, 342.892, 0.2831, 0.2879, NaN, NaN, NaN, NaN, NaN, NaN
965, 371.002, 371.002, 371.002, ramp_w, 342.871, 0.2831, 0.2879, NaN, NaN, NaN, NaN, NaN, NaN
966, 374.179, 374.179, 374.179, ramp_w, 346.005, 0.2832, 0.288, NaN, NaN, NaN, NaN, NaN, NaN
967, 377.383, 377.383, 377.383, ramp_w, 347.813, 0.2831, 0.2879, NaN, NaN, NaN, NaN, NaN, NaN
968, 380.614, 380.614, 380.614, ramp_w, 350.102, 0.2831, 0.2879, NaN, NaN, NaN, NaN, NaN, NaN
969, 383.873, 383.873, 383.873, ramp_w, 351.1, 0.2831, 0.2879, NaN, NaN, NaN, NaN, NaN, NaN
970, 387.159, 387.159, 387.159, ramp_w, 354.207, 0.283, 0.2877, NaN, NaN, NaN, NaN, NaN, NaN
971, 390.474, 390.474, 390.474, ramp_w, 354.426, 0.283, 0.2877, NaN, NaN, NaN, NaN, NaN, NaN
972, 393.818, 393.818, 393.818, ramp_w, 358.426, 0.283, 0.2879, NaN, NaN, NaN, NaN, NaN, NaN
973, 397.19, 397.19, 397.19, ramp_w, 359.342, 0.283, 0.2878, NaN, NaN, NaN, NaN, NaN, NaN
974, 400.59, 400.59, 400.59, ramp_w, 361.901, 0.2831, 0.2879, NaN, NaN, NaN, NaN, NaN, NaN
975, 404.02, 404.02, 404.02, ramp_w, 364.211, 0.2831, 0.2878, NaN, NaN, NaN, NaN, NaN, NaN
976, 407.48, 407.48, 407.48, ramp_w, 366.613, 0.2829, 0.2877, NaN, NaN, NaN, NaN, NaN, NaN
977, 410.968, 410.968, 410.968, ramp_w, 367.748, 0.2832, 0.288, NaN, NaN, NaN, NaN, NaN, NaN
978, 414.487, 414.487, 414.487, ramp_w, 367.911, 0.2832, 0.288, NaN, NaN, NaN, NaN, NaN, NaN
979, 418.036, 418.036, 418.036, ramp_w, 368.035, 0.2832, 0.288, NaN, NaN, NaN, NaN, NaN, NaN
980, 421.615, 421.615, 421.615, ramp_w, 373.127, 0.2829, 0.2878, NaN, NaN, NaN, NaN, NaN, NaN
981, 425.225, 425.225, 425.225, ramp_w, 375.246, 0.2829, 0.288, NaN, NaN, NaN, NaN, NaN, NaN
982, 428.866, 428.866, 428.866, ramp_w, 376.416, 0.2829, 0.2878, NaN, NaN, NaN, NaN, NaN, NaN
983, 432.538, 432.538, 432.538, ramp_w, 379.085, 0.2829, 0.2878, NaN, NaN, NaN, NaN, NaN, NaN
984, 436.242, 436.242, 436.242, ramp_w, 382.327, 0.283, 0.2879, NaN, NaN, NaN, NaN, NaN, NaN
985, 439.977, 439.977, 439.977, ramp_w, 384.209, 0.2829, 0.2876, NaN, NaN, NaN, NaN, NaN, NaN
986, 443.744, 443.744, 443.744, ramp_w, 384.538, 0.2829, 0.2877, NaN, NaN, NaN, NaN, NaN, NaN
987, 447.544, 447.544, 447.544, ramp_w, 388.468, 0.2829, 0.2877, NaN, NaN, NaN, NaN, NaN, NaN
988, 451.375, 451.375, 451.375, ramp_w, 390.576, 0.2829, 0.2876, NaN, NaN, NaN, NaN, NaN, NaN
989, 455.24, 455.24, 455.24, ramp_w, 392.455, 0.2829, 0.2876, NaN, NaN, NaN, NaN, NaN, NaN
990, 459.138, 459.138, 459.138, ramp_w, 393.893, 0.2828, 0.2874, NaN, NaN, NaN, NaN, NaN, NaN
991, 463.069, 463.069, 463.069, ramp_w, 396.043, 0.2829, 0.2876, NaN, NaN, NaN, NaN, NaN, NaN
992, 467.034, 467.034, 467.034, ramp_w, 396.227, 0.2829, 0.2875, NaN, NaN, NaN, NaN, NaN, NaN
993, 471.033, 471.033, 471.033, ramp_w, 398.672, 0.2829, 0.2876, NaN, NaN, NaN, NaN, NaN, NaN
994, 475.066, 475.066, 475.066, ramp_w, 401.853, 0.283, 0.2879, NaN, NaN, NaN, NaN, NaN, NaN
995, 479.134, 479.134, 479.134, ramp_w, 403.31, 0.283, 0.288, NaN, NaN, NaN, NaN, NaN, NaN
996, 483.236, 483.236, 483.236, ramp_w, 406.09, 0.283, 0.288, NaN, NaN, NaN, NaN, NaN, NaN
997, 487.374, 487.374, 487.374, ramp_w, 406.159, 0.283, 0.288, NaN, NaN, NaN, NaN, NaN, NaN
998, 491.547, 491.547, 491.547, ramp_w, 408.179, 0.2829, 0.2875, NaN, NaN, NaN, NaN, NaN, NaN
999, 495.755, 495.755, 495.755, ramp_w, 410.533, 0.283, 0.288, NaN, NaN, NaN, NaN, NaN, NaN
1000, 500, 500, 500, ramp_w, 410.686, 0.283, 0.288, NaN, NaN, NaN, NaN, NaN, NaN
